tipo,tipo_documento,folio,emisor,receptor,razon_social_receptor,publicacion,emision,monto_neto,monto_exento,monto_iva,monto_total,impuestos,fecha_sii,estado_sii,informacion_sii,fecha_intercambio,estado_intercambio,informacion_intercambio,uri,referencias,indservicio,condicion_pago,tipofactesp,fecha_vencimiento,estado_reclamo_mercaderia,fecha_reclamo_mercaderia,estado_reclamo_contenido,fecha_reclamo_contenido
33,factura_electronica,14996,  76.379.570-5,  96.639.280-0,ADMINISTRADORA GENERAL DE FONDOS SECURITY S A,14/08/2019 17:44,12/08/2019,559862,0,106374,666236,,14/08/2019 17:47,ACEPTADO_POR_EL_SII,2019-08-14 17:47:13.738 TrackID: 3930877290,14/08/2019 17:47,ENVIADO_POR_INTERCAMBIO,Recibe: fms_dte@paperless.cl,http://lvaindices1908.acepta.com/v01/0000000_1721614177_1417442044_153477550_?k=98b8e92fce86e740d82d52fa6452de54,,,,,12/09/2019,,,,
33,factura_electronica,14995,  76.379.570-5,  96.515.580-5,VALORES SECURITY S A CORREDORES DE BOLSA,14/08/2019 17:44,12/08/2019,279931,0,53187,333118,[ ],14/08/2019 17:47,ACEPTADO_POR_EL_SII,2019-08-14 17:47:13.738 TrackID: 3930877290,14/08/2019 17:47,ENVIADO_POR_INTERCAMBIO,Recibe: vls_dte@paperless.cl,http://lvaindices1908.acepta.com/v01/0000000_1721614177_1417441844_153477548_?k=98b8e92fce86e740d82d52fa6452de54,,,,,12/09/2019,,,,
33,factura_electronica,14994,  76.379.570-5,  96.639.280-0,ADMINISTRADORA GENERAL DE FONDOS SECURITY S A,14/08/2019 17:44,12/08/2019,699827,0,132967,832794,[ ],14/08/2019 17:47,ACEPTADO_POR_EL_SII,2019-08-14 17:47:13.738 TrackID: 3930877290,14/08/2019 17:47,ENVIADO_POR_INTERCAMBIO,Recibe: fms_dte@paperless.cl,http://lvaindices1908.acepta.com/v01/0000000_1721614177_1417441544_153477546_?k=98b8e92fce86e740d82d52fa6452de54,,,,,12/09/2019,,,,
33,factura_electronica,14993,  76.379.570-5,  96.667.040-1,SANTANDER ASSET MANAGEMENT S A ADMINISTRADORA GENERAL DE FONDOS,14/08/2019 17:37,12/08/2019,1735571,0,329758,2065329,[ ],14/08/2019 17:40,ACEPTADO_POR_EL_SII,2019-08-14 17:40:01.516 TrackID: 3930849664,14/08/2019 17:42,ACEPTADO_CON_RECEPCION_TECNICA,Emite: recepciondte_agfondos@santandersantiago.cl Glosa: DTE No Recibido - Otros (99),http://lvaindices1908.acepta.com/v01/0000000_1721614177_1417372337_153477358_?k=98b8e92fce86e740d82d52fa6452de54,,,,,12/09/2019,,,,
33,factura_electronica,14992,  76.379.570-5,  96.667.040-1,SANTANDER ASSET MANAGEMENT S A ADMINISTRADORA GENERAL DE FONDOS,14/08/2019 17:37,12/08/2019,699827,0,132967,832794,[ ],14/08/2019 17:40,ACEPTADO_POR_EL_SII,2019-08-14 17:40:01.516 TrackID: 3930849664,14/08/2019 17:47,ACEPTADO_CON_RECEPCION_TECNICA,Emite: recepciondte_agfondos@santandersantiago.cl Glosa: DTE Recibido OK (0),http://lvaindices1908.acepta.com/v01/0000000_1721614177_1417372137_153477357_?k=98b8e92fce86e740d82d52fa6452de54,,,,,12/09/2019,,,,
33,factura_electronica,14991,  76.379.570-5,  96.667.040-1,SANTANDER ASSET MANAGEMENT S A ADMINISTRADORA GENERAL DE FONDOS,14/08/2019 17:37,12/08/2019,167958,0,31912,199870,[ ],14/08/2019 17:40,ACEPTADO_POR_EL_SII,2019-08-14 17:40:01.516 TrackID: 3930849664,14/08/2019 17:47,ACEPTADO_CON_RECEPCION_TECNICA,Emite: recepciondte_agfondos@santandersantiago.cl Glosa: DTE Recibido OK (0),http://lvaindices1908.acepta.com/v01/0000000_1721614177_1417371837_153477356_?k=98b8e92fce86e740d82d52fa6452de54,,,,,12/09/2019,,,,
33,factura_electronica,14990,  76.379.570-5,  96.667.040-1,SANTANDER ASSET MANAGEMENT S A ADMINISTRADORA GENERAL DE FONDOS,14/08/2019 17:37,12/08/2019,3359170,0,638242,3997412,[ ],14/08/2019 17:40,ACEPTADO_POR_EL_SII,2019-08-14 17:40:01.516 TrackID: 3930849664,14/08/2019 17:44,ACEPTADO_CON_RECEPCION_TECNICA,Emite: recepciondte_agfondos@santandersantiago.cl Glosa: DTE No Recibido - Otros (99),http://lvaindices1908.acepta.com/v01/0000000_1721614177_1417371537_153477354_?k=98b8e92fce86e740d82d52fa6452de54,,,,,12/09/2019,,,,
33,factura_electronica,14989,  76.379.570-5,  96.955.500-K,LARRAINVIAL ASSET MANAGEMENT ADMINISTRADORA GENERAL DE FONDOS S.A.,14/08/2019 17:30,12/08/2019,139965,0,26593,166558,[ ],14/08/2019 17:34,ACEPTADO_POR_EL_SII,2019-08-14 17:34:52.428 TrackID: 3930829088,14/08/2019 17:40,ACEPTADO_CON_RECEPCION_TECNICA,Emite: larrainvialagfrecepcion@custodium.com Glosa: Envio Recibido Conforme (0),http://lvaindices1908.acepta.com/v01/0000000_1721614177_1417304730_153477305_?k=98b8e92fce86e740d82d52fa6452de54,,,,,12/09/2019,,,,
33,factura_electronica,14988,  76.379.570-5,  96.955.500-K,LARRAINVIAL ASSET MANAGEMENT ADMINISTRADORA GENERAL DE FONDOS S.A.,14/08/2019 17:30,12/08/2019,279931,0,53187,333118,[ ],14/08/2019 17:34,ACEPTADO_POR_EL_SII,2019-08-14 17:34:52.428 TrackID: 3930829088,14/08/2019 17:41,ACEPTADO_CON_RECEPCION_TECNICA,Emite: larrainvialagfrecepcion@custodium.com Glosa: Envio Recibido Conforme (0),http://lvaindices1908.acepta.com/v01/0000000_1721614177_1417304530_153477303_?k=98b8e92fce86e740d82d52fa6452de54,,,,,12/09/2019,,,,
33,factura_electronica,14987,  76.379.570-5,  96.955.500-K,LARRAINVIAL ASSET MANAGEMENT ADMINISTRADORA GENERAL DE FONDOS S.A.,14/08/2019 17:30,12/08/2019,83979,0,15956,99935,[ ],14/08/2019 17:34,ACEPTADO_POR_EL_SII,2019-08-14 17:34:52.428 TrackID: 3930829088,14/08/2019 17:39,ACEPTADO_CON_RECEPCION_TECNICA,Emite: larrainvialagfrecepcion@custodium.com Glosa: Envio Recibido Conforme (0),http://lvaindices1908.acepta.com/v01/0000000_1721614177_1417304230_153477302_?k=98b8e92fce86e740d82d52fa6452de54,,,,,12/09/2019,,,,
33,factura_electronica,14986,  76.379.570-5,  96.955.500-K,LARRAINVIAL ASSET MANAGEMENT ADMINISTRADORA GENERAL DE FONDOS S.A.,14/08/2019 17:30,12/08/2019,139965,0,26593,166558,[ ],14/08/2019 17:34,ACEPTADO_POR_EL_SII,2019-08-14 17:34:52.428 TrackID: 3930829088,14/08/2019 17:39,ACEPTADO_CON_RECEPCION_TECNICA,Emite: larrainvialagfrecepcion@custodium.com Glosa: Envio Recibido Conforme (0),http://lvaindices1908.acepta.com/v01/0000000_1721614177_1417303930_153477301_?k=98b8e92fce86e740d82d52fa6452de54,,,,,12/09/2019,,,,
33,factura_electronica,14985,  76.379.570-5,  96.955.500-K,LARRAINVIAL ASSET MANAGEMENT ADMINISTRADORA GENERAL DE FONDOS S.A.,14/08/2019 17:30,12/08/2019,1119723,0,212747,1332470,[ ],14/08/2019 17:34,ACEPTADO_POR_EL_SII,2019-08-14 17:34:52.428 TrackID: 3930829088,14/08/2019 17:40,ACEPTADO_CON_RECEPCION_TECNICA,Emite: larrainvialagfrecepcion@custodium.com Glosa: Envio Recibido Conforme (0),http://lvaindices1908.acepta.com/v01/0000000_1721614177_1417303630_153477299_?k=98b8e92fce86e740d82d52fa6452de54,,,,,12/09/2019,,,,
33,factura_electronica,14984,  76.379.570-5,  96.955.500-K,LARRAINVIAL ASSET MANAGEMENT ADMINISTRADORA GENERAL DE FONDOS S.A.,14/08/2019 17:30,12/08/2019,839792,0,159560,999352,[ ],14/08/2019 17:34,ACEPTADO_POR_EL_SII,2019-08-14 17:34:52.428 TrackID: 3930829088,14/08/2019 17:39,ACEPTADO_CON_RECEPCION_TECNICA,Emite: larrainvialagfrecepcion@custodium.com Glosa: Envio Recibido Conforme (0),http://lvaindices1908.acepta.com/v01/0000000_1721614177_1417303330_153477298_?k=98b8e92fce86e740d82d52fa6452de54,,,,,12/09/2019,,,,
33,factura_electronica,14983,  76.379.570-5,  96.955.500-K,LARRAINVIAL ASSET MANAGEMENT ADMINISTRADORA GENERAL DE FONDOS S.A.,14/08/2019 17:30,12/08/2019,279931,0,53187,333118,,14/08/2019 17:34,ACEPTADO_POR_EL_SII,2019-08-14 17:34:52.428 TrackID: 3930829088,14/08/2019 17:40,ACEPTADO_CON_RECEPCION_TECNICA,Emite: larrainvialagfrecepcion@custodium.com Glosa: Envio Recibido Conforme (0),http://lvaindices1908.acepta.com/v01/0000000_1721614177_1417303030_153477297_?k=98b8e92fce86e740d82d52fa6452de54,,,,,12/09/2019,,,,
33,factura_electronica,14982,  76.379.570-5,  96.955.500-K,LARRAINVIAL ASSET MANAGEMENT ADMINISTRADORA GENERAL DE FONDOS S.A.,14/08/2019 17:30,12/08/2019,139965,0,26593,166558,[ ],14/08/2019 17:34,ACEPTADO_POR_EL_SII,2019-08-14 17:34:52.428 TrackID: 3930829088,14/08/2019 17:39,ACEPTADO_CON_RECEPCION_TECNICA,Emite: larrainvialagfrecepcion@custodium.com Glosa: Envio Recibido Conforme (0),http://lvaindices1908.acepta.com/v01/0000000_1721614177_1417302730_153477296_?k=98b8e92fce86e740d82d52fa6452de54,,,,,12/09/2019,,,,
33,factura_electronica,14981,  76.379.570-5,  96.955.500-K,LARRAINVIAL ASSET MANAGEMENT ADMINISTRADORA GENERAL DE FONDOS S.A.,14/08/2019 17:30,12/08/2019,419896,0,79780,499676,[ ],14/08/2019 17:34,ACEPTADO_POR_EL_SII,2019-08-14 17:34:52.428 TrackID: 3930829088,14/08/2019 17:39,ACEPTADO_CON_RECEPCION_TECNICA,Emite: larrainvialagfrecepcion@custodium.com Glosa: Envio Recibido Conforme (0),http://lvaindices1908.acepta.com/v01/0000000_1721614177_1417302430_153477294_?k=98b8e92fce86e740d82d52fa6452de54,,,,,12/09/2019,,,,
33,factura_electronica,14980,  76.379.570-5,  96.955.500-K,LARRAINVIAL ASSET MANAGEMENT ADMINISTRADORA GENERAL DE FONDOS S.A.,14/08/2019 17:30,12/08/2019,559862,0,106374,666236,[ ],14/08/2019 17:34,ACEPTADO_POR_EL_SII,2019-08-14 17:34:52.428 TrackID: 3930829088,14/08/2019 17:40,ACEPTADO_CON_RECEPCION_TECNICA,Emite: larrainvialagfrecepcion@custodium.com Glosa: Envio Recibido Conforme (0),http://lvaindices1908.acepta.com/v01/0000000_1721614177_1417302130_153477292_?k=98b8e92fce86e740d82d52fa6452de54,,,,,12/09/2019,,,,
33,factura_electronica,14979,  76.379.570-5,  96.955.500-K,LARRAINVIAL ASSET MANAGEMENT ADMINISTRADORA GENERAL DE FONDOS S.A.,14/08/2019 17:30,12/08/2019,139965,0,26593,166558,[ ],14/08/2019 17:34,ACEPTADO_POR_EL_SII,2019-08-14 17:34:52.428 TrackID: 3930829088,14/08/2019 17:39,ACEPTADO_CON_RECEPCION_TECNICA,Emite: larrainvialagfrecepcion@custodium.com Glosa: Envio Recibido Conforme (0),http://lvaindices1908.acepta.com/v01/0000000_1721614177_1417301830_153477290_?k=98b8e92fce86e740d82d52fa6452de54,,,,,12/09/2019,,,,
33,factura_electronica,14978,  76.379.570-5,  96.955.500-K,LARRAINVIAL ASSET MANAGEMENT ADMINISTRADORA GENERAL DE FONDOS S.A.,14/08/2019 17:30,12/08/2019,559862,0,106374,666236,[ ],14/08/2019 17:34,ACEPTADO_POR_EL_SII,2019-08-14 17:34:52.428 TrackID: 3930829088,14/08/2019 17:40,ACEPTADO_CON_RECEPCION_TECNICA,Emite: larrainvialagfrecepcion@custodium.com Glosa: Envio Recibido Conforme (0),http://lvaindices1908.acepta.com/v01/0000000_1721614177_1417301530_153477287_?k=98b8e92fce86e740d82d52fa6452de54,,,,,12/09/2019,,,,
33,factura_electronica,14977,  76.379.570-5,  96.826.700-0,COMPASS GROUP S.A ASESORES DE INVERSION,14/08/2019 17:25,12/08/2019,279931,0,53187,333118,[ ],14/08/2019 17:33,ACEPTADO_POR_EL_SII,2019-08-14 17:33:44.822 TrackID: 3930805564,14/08/2019 17:34,ENVIADO_POR_INTERCAMBIO,Recibe: intercambio@dtebcn.cl,http://lvaindices1908.acepta.com/v01/0000000_1721614177_1417251825_153477204_?k=98b8e92fce86e740d82d52fa6452de54,,,,,12/09/2019,,,,
33,factura_electronica,14976,  76.379.570-5,  96.826.700-0,COMPASS GROUP S.A ASESORES DE INVERSION,14/08/2019 17:25,12/08/2019,279931,0,53187,333118,[ ],14/08/2019 17:33,ACEPTADO_POR_EL_SII,2019-08-14 17:33:44.822 TrackID: 3930805564,14/08/2019 17:34,ENVIADO_POR_INTERCAMBIO,Recibe: intercambio@dtebcn.cl,http://lvaindices1908.acepta.com/v01/0000000_1721614177_1417251625_153477201_?k=98b8e92fce86e740d82d52fa6452de54,,,,,12/09/2019,,,,
33,factura_electronica,14975,  76.379.570-5,  76.555.400-4,TRANSELEC S A,14/08/2019 17:21,12/08/2019,223945,0,42550,266495,[ ],14/08/2019 17:25,ACEPTADO_POR_EL_SII,2019-08-14 17:25:06.218 TrackID: 3930787720,14/08/2019 17:30,ACEPTADO_CON_RECEPCION_TECNICA,Emite: transelecrecepcion@custodium.com Glosa: Envio Recibido Conforme (0),http://lvaindices1908.acepta.com/v01/0000000_1721614177_1417211921_153477140_?k=98b8e92fce86e740d82d52fa6452de54,"[{""Nro.Ref"":""1"",""Tipo"":""801"",""Folio"":""4500119137"",""Fecha"":""2019-01-10"",""Razon Ref"":""OC:4500119137""},{""Nro.Ref"":""2"",""Tipo"":""HES"",""Folio"":""1000328298"",""Fecha"":""2019-08-01"",""Razon Ref"":""HES: 1000328298""}]",,Crédito,,12/09/2019,OTORGA_RECIBO_DE_MERCADERIA_O_SERVICIO,14/08/2019 17:31,,
33,factura_electronica,14974,  76.379.570-5,  96.804.330-7,COMPASS GROUP CHILE S A ADMINISTRADORA GENERAL DE FONDOS,14/08/2019 17:03,12/08/2019,139965,0,26593,166558,[ ],14/08/2019 17:06,ACEPTADO_POR_EL_SII,2019-08-14 17:06:50.341 TrackID: 3930713168,14/08/2019 17:13,ACEPTADO_CON_RECEPCION_TECNICA,Emite: intercambio@dtebcn.cl Glosa: ACUSE RECIBO AUTOMATICO (0),http://lvaindices1908.acepta.com/v01/0000000_1721614177_1417032603_153476729_?k=98b8e92fce86e740d82d52fa6452de54,,,,,12/09/2019,,,,
33,factura_electronica,14973,  76.379.570-5,  96.804.330-7,COMPASS GROUP CHILE S A ADMINISTRADORA GENERAL DE FONDOS,14/08/2019 17:03,12/08/2019,335917,0,63824,399741,[ ],14/08/2019 17:06,ACEPTADO_POR_EL_SII,2019-08-14 17:06:50.341 TrackID: 3930713168,14/08/2019 17:14,ACEPTADO_CON_RECEPCION_TECNICA,Emite: intercambio@dtebcn.cl Glosa: ACUSE RECIBO AUTOMATICO (0),http://lvaindices1908.acepta.com/v01/0000000_1721614177_1417032303_153476724_?k=98b8e92fce86e740d82d52fa6452de54,,,,,12/09/2019,,,,
33,factura_electronica,14972,  76.379.570-5,  96.804.330-7,COMPASS GROUP CHILE S A ADMINISTRADORA GENERAL DE FONDOS,14/08/2019 17:03,12/08/2019,139965,0,26593,166558,[ ],14/08/2019 17:06,ACEPTADO_POR_EL_SII,2019-08-14 17:06:50.341 TrackID: 3930713168,14/08/2019 17:14,ACEPTADO_CON_RECEPCION_TECNICA,Emite: intercambio@dtebcn.cl Glosa: ACUSE RECIBO AUTOMATICO (0),http://lvaindices1908.acepta.com/v01/0000000_1721614177_1417032103_153476719_?k=98b8e92fce86e740d82d52fa6452de54,,,,,12/09/2019,,,,
33,factura_electronica,14971,  76.379.570-5,  96.804.330-7,COMPASS GROUP CHILE S A ADMINISTRADORA GENERAL DE FONDOS,14/08/2019 17:03,12/08/2019,559862,0,106374,666236,[ ],14/08/2019 17:06,ACEPTADO_POR_EL_SII,2019-08-14 17:06:50.341 TrackID: 3930713168,14/08/2019 17:13,ACEPTADO_CON_RECEPCION_TECNICA,Emite: intercambio@dtebcn.cl Glosa: ACUSE RECIBO AUTOMATICO (0),http://lvaindices1908.acepta.com/v01/0000000_1721614177_1417031803_153476717_?k=98b8e92fce86e740d82d52fa6452de54,,,,,12/09/2019,,,,
33,factura_electronica,14970,  76.379.570-5,  96.804.330-7,COMPASS GROUP CHILE S A ADMINISTRADORA GENERAL DE FONDOS,14/08/2019 17:03,12/08/2019,839792,0,159560,999352,[ ],14/08/2019 17:06,ACEPTADO_POR_EL_SII,2019-08-14 17:06:50.341 TrackID: 3930713168,14/08/2019 17:12,ACEPTADO_CON_RECEPCION_TECNICA,Emite: intercambio@dtebcn.cl Glosa: ACUSE RECIBO AUTOMATICO (0),http://lvaindices1908.acepta.com/v01/0000000_1721614177_1417031503_153476715_?k=98b8e92fce86e740d82d52fa6452de54,,,,,12/09/2019,,,,
33,factura_electronica,14969,  76.379.570-5,  96.836.390-5,BANCOESTADO S A ADMINISTRADORA GENERAL DE FONDOS,14/08/2019 17:01,12/08/2019,139965,0,26593,166558,,14/08/2019 17:05,ACEPTADO_POR_EL_SII,2019-08-14 17:05:48.802 TrackID: 3930704596,14/08/2019 17:16,ACEPTADO_CON_RECEPCION_TECNICA,Emite: compras.beagf@bancoestado.cl Glosa: DTE Recibido OK (0),http://lvaindices1908.acepta.com/v01/0000000_1721614177_1417011901_153476693_?k=98b8e92fce86e740d82d52fa6452de54,,,,,12/09/2019,,,,
33,factura_electronica,14968,  76.379.570-5,  96.836.390-5,BANCOESTADO S A ADMINISTRADORA GENERAL DE FONDOS,14/08/2019 17:01,12/08/2019,111972,0,21275,133247,[ ],14/08/2019 17:05,ACEPTADO_POR_EL_SII,2019-08-14 17:05:48.802 TrackID: 3930704596,14/08/2019 17:16,ACEPTADO_CON_RECEPCION_TECNICA,Emite: compras.beagf@bancoestado.cl Glosa: DTE Recibido OK (0),http://lvaindices1908.acepta.com/v01/0000000_1721614177_1417011701_153476692_?k=98b8e92fce86e740d82d52fa6452de54,,,,,12/09/2019,,,,
33,factura_electronica,14967,  76.379.570-5,  96.836.390-5,BANCOESTADO S A ADMINISTRADORA GENERAL DE FONDOS,14/08/2019 17:01,12/08/2019,1679585,0,319121,1998706,[ ],14/08/2019 17:05,ACEPTADO_POR_EL_SII,2019-08-14 17:05:48.802 TrackID: 3930704596,14/08/2019 17:16,ACEPTADO_CON_RECEPCION_TECNICA,Emite: compras.beagf@bancoestado.cl Glosa: DTE Recibido OK (0),http://lvaindices1908.acepta.com/v01/0000000_1721614177_1417011401_153476689_?k=98b8e92fce86e740d82d52fa6452de54,,,,,12/09/2019,,,,
33,factura_electronica,14966,  76.379.570-5,  81.274.800-9,Receptor no Electronico,14/08/2019 16:53,12/08/2019,419896,0,79780,499676,[ ],14/08/2019 16:59,ACEPTADO_POR_EL_SII,2019-08-14 16:59:41.759 TrackID: 3930684512,,NO_ELECTRONICO,,http://lvaindices1908.acepta.com/v01/0000000_1721614177_1416531753_153476597_?k=98b8e92fce86e740d82d52fa6452de54,,,,,12/09/2019,,,,
33,factura_electronica,14965,  76.379.570-5,  81.274.800-9,Receptor no Electronico,14/08/2019 16:53,12/08/2019,335917,0,63824,399741,[ ],14/08/2019 16:59,ACEPTADO_POR_EL_SII,2019-08-14 16:59:41.759 TrackID: 3930684512,,NO_ELECTRONICO,,http://lvaindices1908.acepta.com/v01/0000000_1721614177_1416531553_153476594_?k=98b8e92fce86e740d82d52fa6452de54,,,,,12/09/2019,,,,
33,factura_electronica,14964,  76.379.570-5,  91.999.000-7,PRINCIPAL ADMINISTRADORA GENERAL DE FONDOS S A,14/08/2019 16:46,12/08/2019,279931,0,53187,333118,[ ],14/08/2019 16:49,ACEPTADO_POR_EL_SII,2019-08-14 16:49:34.594 TrackID: 3930642040,14/08/2019 16:53,ACEPTADO_CON_RECEPCION_TECNICA,Emite: pfg_agf@artikos.cl Glosa: Env\303\255o Recibido Conforme. (0),http://lvaindices1908.acepta.com/v01/0000000_1721614177_1416461946_153476458_?k=98b8e92fce86e740d82d52fa6452de54,,,,,12/09/2019,,,,
33,factura_electronica,14963,  76.379.570-5,  91.999.000-7,PRINCIPAL ADMINISTRADORA GENERAL DE FONDOS S A,14/08/2019 16:46,12/08/2019,279931,0,53187,333118,[ ],14/08/2019 16:49,ACEPTADO_POR_EL_SII,2019-08-14 16:49:34.594 TrackID: 3930642040,14/08/2019 16:53,ACEPTADO_CON_RECEPCION_TECNICA,Emite: pfg_agf@artikos.cl Glosa: Env\303\255o Recibido Conforme. (0),http://lvaindices1908.acepta.com/v01/0000000_1721614177_1416461646_153476452_?k=98b8e92fce86e740d82d52fa6452de54,,,,,12/09/2019,,,,
33,factura_electronica,14962,  76.379.570-5,  91.999.000-7,PRINCIPAL ADMINISTRADORA GENERAL DE FONDOS S A,14/08/2019 16:46,12/08/2019,559862,0,106374,666236,[ ],14/08/2019 16:49,ACEPTADO_POR_EL_SII,2019-08-14 16:49:34.594 TrackID: 3930642040,14/08/2019 16:53,ACEPTADO_CON_RECEPCION_TECNICA,Emite: pfg_agf@artikos.cl Glosa: Env\303\255o Recibido Conforme. (0),http://lvaindices1908.acepta.com/v01/0000000_1721614177_1416461446_153476450_?k=98b8e92fce86e740d82d52fa6452de54,,,,,12/09/2019,,,,
33,factura_electronica,14961,  76.379.570-5,  76.007.631-7,NEVASA S.A.,14/08/2019 16:40,12/08/2019,746575,0,141849,888424,[ ],14/08/2019 16:43,ACEPTADO_POR_EL_SII,2019-08-14 16:43:30.255 TrackID: 3930615296,14/08/2019 16:48,ENTREGA_DE_DTE_POR_INTERCAMBIO_EXITOSA,Receptor: dte@nevasa.cl Entrega: Retransmitida Estado: 2.0.0 Servidor Informante:  smtp-05.custodium.com Servidor Remoto:  mx1.proredesmail.com Codigo de Respuesta:  250 Ok: queued as B1BA6E606B.,http://lvaindices1908.acepta.com/v01/0000000_1721614177_1416401940_153476359_?k=98b8e92fce86e740d82d52fa6452de54,,,,,12/09/2019,,,,
33,factura_electronica,14960,  76.379.570-5,  76.034.728-0,NEVASA HMC S.A. ADMINISTRADORA GENERAL DE FONDOS,14/08/2019 16:40,12/08/2019,373148,0,70898,444046,[ ],14/08/2019 16:43,ACEPTADO_POR_EL_SII,2019-08-14 16:43:30.255 TrackID: 3930615296,14/08/2019 16:48,ENTREGA_DE_DTE_POR_INTERCAMBIO_EXITOSA,Receptor: dte@nevasa.cl Entrega: Retransmitida Estado: 2.0.0 Servidor Informante:  smtp-05.custodium.com Servidor Remoto:  mx1.proredesmail.com Codigo de Respuesta:  250 Ok: queued as 6553CE6064.,http://lvaindices1908.acepta.com/v01/0000000_1721614177_1416401640_153476356_?k=98b8e92fce86e740d82d52fa6452de54,,,,,12/09/2019,,,,
33,factura_electronica,14959,  76.379.570-5,  96.530.900-4,BCI ASSET MANAGEMENT ADMINISTRADORA GENERAL DE FONDOS S.A.,14/08/2019 16:28,12/08/2019,559862,0,106374,666236,[ ],14/08/2019 16:35,ACEPTADO_POR_EL_SII,2019-08-14 16:35:21.138 TrackID: 3930571442,14/08/2019 16:38,ENTREGA_DE_DTE_POR_INTERCAMBIO_EXITOSA,Receptor: factbam@bci.cl Entrega: Retransmitida Estado: 2.0.0 Servidor Informante:  smtp-05.custodium.com Servidor Remoto:  aspmx.l.google.com Codigo de Respuesta:  250 2.0.0 OK  1565814981 m40si481223edm.18 - gsmtp.,http://lvaindices1908.acepta.com/v01/0000000_1721614177_1416283528_153475922_?k=98b8e92fce86e740d82d52fa6452de54,,,,,12/09/2019,,,,
33,factura_electronica,14958,  76.379.570-5,  96.530.900-4,BCI ASSET MANAGEMENT ADMINISTRADORA GENERAL DE FONDOS S.A.,14/08/2019 16:28,12/08/2019,671834,0,127648,799482,,14/08/2019 16:35,ACEPTADO_POR_EL_SII,2019-08-14 16:35:21.138 TrackID: 3930571442,14/08/2019 16:38,ENTREGA_DE_DTE_POR_INTERCAMBIO_EXITOSA,Receptor: factbam@bci.cl Entrega: Retransmitida Estado: 2.0.0 Servidor Informante:  smtp-05.custodium.com Servidor Remoto:  aspmx.l.google.com Codigo de Respuesta:  250 2.0.0 OK  1565814981 m40si481223edm.18 - gsmtp.,http://lvaindices1908.acepta.com/v01/0000000_1721614177_1416283328_153475921_?k=98b8e92fce86e740d82d52fa6452de54,,,,,12/09/2019,,,,
33,factura_electronica,14957,  76.379.570-5,  96.530.900-4,BCI ASSET MANAGEMENT ADMINISTRADORA GENERAL DE FONDOS S.A.,14/08/2019 16:28,12/08/2019,139965,0,26593,166558,,14/08/2019 16:35,ACEPTADO_POR_EL_SII,2019-08-14 16:35:21.138 TrackID: 3930571442,14/08/2019 16:38,ENTREGA_DE_DTE_POR_INTERCAMBIO_EXITOSA,Receptor: factbam@bci.cl Entrega: Retransmitida Estado: 2.0.0 Servidor Informante:  smtp-05.custodium.com Servidor Remoto:  aspmx.l.google.com Codigo de Respuesta:  250 2.0.0 OK  1565814981 m40si481223edm.18 - gsmtp.,http://lvaindices1908.acepta.com/v01/0000000_1721614177_1416283028_153475919_?k=98b8e92fce86e740d82d52fa6452de54,,,,,12/09/2019,,,,
33,factura_electronica,14956,  76.379.570-5,  96.530.900-4,BCI ASSET MANAGEMENT ADMINISTRADORA GENERAL DE FONDOS S.A.,14/08/2019 16:28,12/08/2019,279931,0,53187,333118,[ ],14/08/2019 16:35,ACEPTADO_POR_EL_SII,2019-08-14 16:35:21.138 TrackID: 3930571442,14/08/2019 16:38,ENTREGA_DE_DTE_POR_INTERCAMBIO_EXITOSA,Receptor: factbam@bci.cl Entrega: Retransmitida Estado: 2.0.0 Servidor Informante:  smtp-05.custodium.com Servidor Remoto:  aspmx.l.google.com Codigo de Respuesta:  250 2.0.0 OK  1565814981 m40si481223edm.18 - gsmtp.,http://lvaindices1908.acepta.com/v01/0000000_1721614177_1416282828_153475917_?k=98b8e92fce86e740d82d52fa6452de54,,,,,12/09/2019,,,,
33,factura_electronica,14955,  76.379.570-5,  96.530.900-4,BCI ASSET MANAGEMENT ADMINISTRADORA GENERAL DE FONDOS S.A.,14/08/2019 16:28,12/08/2019,83979,0,15956,99935,[ ],14/08/2019 16:35,ACEPTADO_POR_EL_SII,2019-08-14 16:35:21.138 TrackID: 3930571442,14/08/2019 16:38,ENTREGA_DE_DTE_POR_INTERCAMBIO_EXITOSA,Receptor: factbam@bci.cl Entrega: Retransmitida Estado: 2.0.0 Servidor Informante:  smtp-05.custodium.com Servidor Remoto:  aspmx.l.google.com Codigo de Respuesta:  250 2.0.0 OK  1565814981 m40si481223edm.18 - gsmtp.,http://lvaindices1908.acepta.com/v01/0000000_1721614177_1416282528_153475916_?k=98b8e92fce86e740d82d52fa6452de54,,,,,12/09/2019,,,,
33,factura_electronica,14954,  76.379.570-5,  96.530.900-4,BCI ASSET MANAGEMENT ADMINISTRADORA GENERAL DE FONDOS S.A.,14/08/2019 16:28,12/08/2019,559862,0,106374,666236,[ ],14/08/2019 16:35,ACEPTADO_POR_EL_SII,2019-08-14 16:35:21.138 TrackID: 3930571442,14/08/2019 16:38,ENTREGA_DE_DTE_POR_INTERCAMBIO_EXITOSA,Receptor: factbam@bci.cl Entrega: Retransmitida Estado: 2.0.0 Servidor Informante:  smtp-05.custodium.com Servidor Remoto:  aspmx.l.google.com Codigo de Respuesta:  250 2.0.0 OK  1565814981 m40si481223edm.18 - gsmtp.,http://lvaindices1908.acepta.com/v01/0000000_1721614177_1416282228_153475915_?k=98b8e92fce86e740d82d52fa6452de54,,,,,12/09/2019,,,,
33,factura_electronica,14953,  76.379.570-5,  96.530.900-4,BCI ASSET MANAGEMENT ADMINISTRADORA GENERAL DE FONDOS S.A.,14/08/2019 16:28,12/08/2019,139965,0,26593,166558,[ ],14/08/2019 16:35,ACEPTADO_POR_EL_SII,2019-08-14 16:35:21.138 TrackID: 3930571442,14/08/2019 16:38,ENTREGA_DE_DTE_POR_INTERCAMBIO_EXITOSA,Receptor: factbam@bci.cl Entrega: Retransmitida Estado: 2.0.0 Servidor Informante:  smtp-05.custodium.com Servidor Remoto:  aspmx.l.google.com Codigo de Respuesta:  250 2.0.0 OK  1565814981 m40si481223edm.18 - gsmtp.,http://lvaindices1908.acepta.com/v01/0000000_1721614177_1416281928_153475914_?k=98b8e92fce86e740d82d52fa6452de54,,,,,12/09/2019,,,,
33,factura_electronica,14952,  76.379.570-5,  96.530.900-4,BCI ASSET MANAGEMENT ADMINISTRADORA GENERAL DE FONDOS S.A.,14/08/2019 16:28,12/08/2019,559862,0,106374,666236,[ ],14/08/2019 16:35,ACEPTADO_POR_EL_SII,2019-08-14 16:35:21.138 TrackID: 3930571442,14/08/2019 16:38,ENTREGA_DE_DTE_POR_INTERCAMBIO_EXITOSA,Receptor: factbam@bci.cl Entrega: Retransmitida Estado: 2.0.0 Servidor Informante:  smtp-05.custodium.com Servidor Remoto:  aspmx.l.google.com Codigo de Respuesta:  250 2.0.0 OK  1565814981 m40si481223edm.18 - gsmtp.,http://lvaindices1908.acepta.com/v01/0000000_1721614177_1416281728_153475911_?k=98b8e92fce86e740d82d52fa6452de54,,,,,12/09/2019,,,,
33,factura_electronica,14951,  76.379.570-5,  96.530.900-4,BCI ASSET MANAGEMENT ADMINISTRADORA GENERAL DE FONDOS S.A.,14/08/2019 16:28,12/08/2019,559862,0,106374,666236,[ ],14/08/2019 16:35,ACEPTADO_POR_EL_SII,2019-08-14 16:35:21.138 TrackID: 3930571442,14/08/2019 16:38,ENTREGA_DE_DTE_POR_INTERCAMBIO_EXITOSA,Receptor: factbam@bci.cl Entrega: Retransmitida Estado: 2.0.0 Servidor Informante:  smtp-05.custodium.com Servidor Remoto:  aspmx.l.google.com Codigo de Respuesta:  250 2.0.0 OK  1565814981 m40si481223edm.18 - gsmtp.,http://lvaindices1908.acepta.com/v01/0000000_1721614177_1416281428_153475909_?k=98b8e92fce86e740d82d52fa6452de54,,,,,12/09/2019,,,,
33,factura_electronica,14950,  76.379.570-5,  96.966.250-7,BTG PACTUAL CHILE S.A. ADMINISTRADORA GENERAL DE FONDOS,14/08/2019 15:49,12/08/2019,559862,0,106374,666236,[ ],14/08/2019 15:51,ACEPTADO_POR_EL_SII,2019-08-14 15:51:45.123 TrackID: 3930400118,14/08/2019 15:58,ACEPTADO_CON_RECEPCION_TECNICA,Emite: btgpactualrecepcion@custodium.com Glosa: Envio Recibido Conforme (0),http://lvaindices1908.acepta.com/v01/0000000_1721614177_1415491749_153475014_?k=98b8e92fce86e740d82d52fa6452de54,,,,,12/09/2019,,,,
33,factura_electronica,14949,  76.379.570-5,  96.966.250-7,BTG PACTUAL CHILE S.A. ADMINISTRADORA GENERAL DE FONDOS,14/08/2019 15:49,12/08/2019,1007751,0,191473,1199224,[ ],14/08/2019 15:51,ACEPTADO_POR_EL_SII,2019-08-14 15:51:45.123 TrackID: 3930400118,14/08/2019 15:58,ACEPTADO_CON_RECEPCION_TECNICA,Emite: btgpactualrecepcion@custodium.com Glosa: Envio Recibido Conforme (0),http://lvaindices1908.acepta.com/v01/0000000_1721614177_1415491449_153475011_?k=98b8e92fce86e740d82d52fa6452de54,,,,,12/09/2019,,,,
33,factura_electronica,14948,  76.379.570-5,  84.177.300-4,BTG PACTUAL CHILE SA CORREDORES DE BOLSA,14/08/2019 15:46,12/08/2019,279931,0,53187,333118,,14/08/2019 15:49,ACEPTADO_POR_EL_SII,2019-08-14 15:49:42.337 TrackID: 3930389174,14/08/2019 15:53,ACEPTADO_CON_RECEPCION_TECNICA,Emite: btgpactualrecepcion@custodium.com Glosa: Envio Recibido Conforme (0),http://lvaindices1908.acepta.com/v01/0000000_1721614177_1415461746_153474972_?k=98b8e92fce86e740d82d52fa6452de54,,,,,12/09/2019,,,,
33,factura_electronica,14947,  76.379.570-5,  84.177.300-4,BTG PACTUAL CHILE SA CORREDORES DE BOLSA,14/08/2019 15:46,12/08/2019,1119723,0,212747,1332470,[ ],14/08/2019 15:49,ACEPTADO_POR_EL_SII,2019-08-14 15:49:42.337 TrackID: 3930389174,14/08/2019 15:53,ACEPTADO_CON_RECEPCION_TECNICA,Emite: btgpactualrecepcion@custodium.com Glosa: Envio Recibido Conforme (0),http://lvaindices1908.acepta.com/v01/0000000_1721614177_1415461446_153474970_?k=98b8e92fce86e740d82d52fa6452de54,,,,,12/09/2019,,,,
33,factura_electronica,14946,  76.379.570-5,  99.279.000-8,EUROAMERICA SEGUROS DE VIDA S A,14/08/2019 14:59,12/08/2019,839792,0,159560,999352,,14/08/2019 15:02,ACEPTADO_POR_EL_SII,2019-08-14 15:02:12.106 TrackID: 3930210806,14/08/2019 15:39,ACEPTADO_CON_RECEPCION_TECNICA,Emite: euroamericavida_dte@paperless.cl Glosa: DTE Recibido OK (0),http://lvaindices1908.acepta.com/v01/0000000_1721614177_1414592259_153474327_?k=98b8e92fce86e740d82d52fa6452de54,,,,,12/09/2019,,,,
33,factura_electronica,14945,  76.379.570-5,  99.279.000-8,EUROAMERICA SEGUROS DE VIDA S A,14/08/2019 14:59,12/08/2019,419896,0,79780,499676,[ ],14/08/2019 15:02,ACEPTADO_POR_EL_SII,2019-08-14 15:02:12.106 TrackID: 3930210806,14/08/2019 15:39,ACEPTADO_CON_RECEPCION_TECNICA,Emite: euroamericavida_dte@paperless.cl Glosa: DTE Recibido OK (0),http://lvaindices1908.acepta.com/v01/0000000_1721614177_1414591959_153474325_?k=98b8e92fce86e740d82d52fa6452de54,,,,,12/09/2019,,,,
33,factura_electronica,14944,  76.379.570-5,  96.899.230-9,EUROAMERICA CORREDORES DE BOLSA S A,14/08/2019 14:59,12/08/2019,2799308,0,531869,3331177,,14/08/2019 15:02,ACEPTADO_POR_EL_SII,2019-08-14 15:02:12.106 TrackID: 3930210806,14/08/2019 15:06,ENTREGA_DE_DTE_POR_INTERCAMBIO_EXITOSA,Receptor: 968992309pro@mail.bcs.cl Entrega: Retransmitida Estado: 2.0.0 Servidor Informante:  smtp-05.custodium.com Servidor Remoto:  mailcleaner.zboxapp.com Codigo de Respuesta:  250 OK id=1hxyag-0004do-8z.,http://lvaindices1908.acepta.com/v01/0000000_1721614177_1414591559_153474324_?k=98b8e92fce86e740d82d52fa6452de54,,,,,12/09/2019,,,,
33,factura_electronica,14943,  76.379.570-5,  77.750.920-9,ZURICH CHILE ASSET MANAGEMENT ADMINISTRADORA GENERAL DE FONDOS S.A.,14/08/2019 12:16,12/08/2019,139965,0,26593,166558,[ ],14/08/2019 12:19,ACEPTADO_POR_EL_SII,2019-08-14 12:19:32.791 TrackID: 3929646300,14/08/2019 12:46,ACEPTADO_CON_RECEPCION_TECNICA,Emite: dte_euagf@artikos.cl Glosa: Env\303\255o Recibido Conforme. (0),http://lvaindices1908.acepta.com/v01/0000000_1721614177_1412162316_153472008_?k=98b8e92fce86e740d82d52fa6452de54,,,,,12/09/2019,,,,
33,factura_electronica,14942,  76.379.570-5,  77.750.920-9,ZURICH CHILE ASSET MANAGEMENT ADMINISTRADORA GENERAL DE FONDOS S.A.,14/08/2019 12:16,12/08/2019,839792,0,159560,999352,[ ],14/08/2019 12:19,ACEPTADO_POR_EL_SII,2019-08-14 12:19:32.791 TrackID: 3929646300,14/08/2019 12:47,ACEPTADO_CON_RECEPCION_TECNICA,Emite: dte_euagf@artikos.cl Glosa: Env\303\255o Recibido Conforme. (0),http://lvaindices1908.acepta.com/v01/0000000_1721614177_1412162016_153472005_?k=98b8e92fce86e740d82d52fa6452de54,,,,,12/09/2019,,,,
33,factura_electronica,14941,  76.379.570-5,  77.750.920-9,ZURICH CHILE ASSET MANAGEMENT ADMINISTRADORA GENERAL DE FONDOS S.A.,14/08/2019 12:16,12/08/2019,1119723,0,212747,1332470,[ ],14/08/2019 12:19,ACEPTADO_POR_EL_SII,2019-08-14 12:19:32.791 TrackID: 3929646300,14/08/2019 12:45,ACEPTADO_CON_RECEPCION_TECNICA,Emite: dte_euagf@artikos.cl Glosa: Env\303\255o Recibido Conforme. (0),http://lvaindices1908.acepta.com/v01/0000000_1721614177_1412161716_153472003_?k=98b8e92fce86e740d82d52fa6452de54,,,,,12/09/2019,,,,
33,factura_electronica,14940,  76.379.570-5,  77.750.920-9,ZURICH CHILE ASSET MANAGEMENT ADMINISTRADORA GENERAL DE FONDOS S.A.,14/08/2019 12:16,12/08/2019,279931,0,53187,333118,[ ],14/08/2019 12:19,ACEPTADO_POR_EL_SII,2019-08-14 12:19:32.791 TrackID: 3929646300,14/08/2019 12:47,ACEPTADO_CON_RECEPCION_TECNICA,Emite: dte_euagf@artikos.cl Glosa: Env\303\255o Recibido Conforme. (0),http://lvaindices1908.acepta.com/v01/0000000_1721614177_1412161516_153472002_?k=98b8e92fce86e740d82d52fa6452de54,,,,,12/09/2019,,,,
33,factura_electronica,14939,  76.379.570-5,  99.289.000-2,METLIFE CHILE SEGUROS DE VIDA S.A.,14/08/2019 12:08,12/08/2019,139965,0,26593,166558,[ ],14/08/2019 12:12,ACEPTADO_POR_EL_SII,2019-08-14 12:12:18.379 TrackID: 3929612040,14/08/2019 12:20,ACEPTADO_CON_RECEPCION_TECNICA,Emite: dteprov@metlife.cl Glosa: DTE Recibido OK (0),http://lvaindices1908.acepta.com/v01/0000000_1721614177_1412082608_153471746_?k=98b8e92fce86e740d82d52fa6452de54,,,,,12/09/2019,,,,
33,factura_electronica,14938,  76.379.570-5,  99.289.000-2,METLIFE CHILE SEGUROS DE VIDA S.A.,14/08/2019 12:08,12/08/2019,419896,0,79780,499676,[ ],14/08/2019 12:12,ACEPTADO_POR_EL_SII,2019-08-14 12:12:18.379 TrackID: 3929612040,14/08/2019 12:20,ACEPTADO_CON_RECEPCION_TECNICA,Emite: dteprov@metlife.cl Glosa: DTE Recibido OK (0),http://lvaindices1908.acepta.com/v01/0000000_1721614177_1412082308_153471744_?k=98b8e92fce86e740d82d52fa6452de54,,,,,12/09/2019,,,,
33,factura_electronica,14937,  76.379.570-5,  99.289.000-2,METLIFE CHILE SEGUROS DE VIDA S.A.,14/08/2019 12:08,12/08/2019,699827,0,132967,832794,[ ],14/08/2019 12:12,ACEPTADO_POR_EL_SII,2019-08-14 12:12:18.379 TrackID: 3929612040,14/08/2019 12:20,ACEPTADO_CON_RECEPCION_TECNICA,Emite: dteprov@metlife.cl Glosa: DTE Recibido OK (0),http://lvaindices1908.acepta.com/v01/0000000_1721614177_1412082008_153471743_?k=98b8e92fce86e740d82d52fa6452de54,,,,,12/09/2019,,,,
33,factura_electronica,14936,  76.379.570-5,  99.289.000-2,METLIFE CHILE SEGUROS DE VIDA S.A.,14/08/2019 12:08,12/08/2019,279931,0,53187,333118,[ ],14/08/2019 12:12,ACEPTADO_POR_EL_SII,2019-08-14 12:12:18.379 TrackID: 3929612040,14/08/2019 12:20,ACEPTADO_CON_RECEPCION_TECNICA,Emite: dteprov@metlife.cl Glosa: DTE Recibido OK (0),http://lvaindices1908.acepta.com/v01/0000000_1721614177_1412081708_153471742_?k=98b8e92fce86e740d82d52fa6452de54,,,,,12/09/2019,,,,
33,factura_electronica,14935,  76.379.570-5,  99.289.000-2,METLIFE CHILE SEGUROS DE VIDA S.A.,14/08/2019 12:08,12/08/2019,1259689,0,239341,1499030,[ ],14/08/2019 12:12,ACEPTADO_POR_EL_SII,2019-08-14 12:12:18.379 TrackID: 3929612040,14/08/2019 12:20,ACEPTADO_CON_RECEPCION_TECNICA,Emite: dteprov@metlife.cl Glosa: DTE Recibido OK (0),http://lvaindices1908.acepta.com/v01/0000000_1721614177_1412081408_153471741_?k=98b8e92fce86e740d82d52fa6452de54,,,,,12/09/2019,,,,
33,factura_electronica,14934,  76.379.570-5,  96.514.410-2,BICE INVERSIONES ADMINISTRADORA GENERAL DE FONDOS S.A.,14/08/2019 11:54,12/08/2019,559862,0,106374,666236,[ ],14/08/2019 11:58,ACEPTADO_POR_EL_SII,2019-08-14 11:58:01.643 TrackID: 3929550726,14/08/2019 12:21,ACEPTADO_CON_RECEPCION_TECNICA,Emite: bice_admgralfondos@artikos.cl Glosa: Env\303\255o Recibido Conforme. (0),http://lvaindices1908.acepta.com/v01/0000000_1721614177_1411542854_153471207_?k=98b8e92fce86e740d82d52fa6452de54,,,,,12/09/2019,,,,
33,factura_electronica,14933,  76.379.570-5,  79.578.560-4,BICE CHILECONSULT SERVICIOS FINANCIEROS LIMITADA,14/08/2019 11:54,12/08/2019,559862,0,106374,666236,[ ],14/08/2019 11:58,ACEPTADO_POR_EL_SII,2019-08-14 11:58:01.643 TrackID: 3929550726,14/08/2019 12:21,ACEPTADO_CON_RECEPCION_TECNICA,Emite: bice_servfinancieros@artikos.cl Glosa: Env\303\255o Recibido Conforme. (0),http://lvaindices1908.acepta.com/v01/0000000_1721614177_1411542554_153471203_?k=98b8e92fce86e740d82d52fa6452de54,,,,,12/09/2019,,,,
33,factura_electronica,14932,  76.379.570-5,  96.656.410-5,BICE VIDA COMPANIA DE SEGUROS S A,14/08/2019 11:54,12/08/2019,447889,0,85099,532988,[ ],14/08/2019 11:58,ACEPTADO_POR_EL_SII,2019-08-14 11:58:01.643 TrackID: 3929550726,14/08/2019 12:03,ENTREGA_DE_DTE_POR_INTERCAMBIO_EXITOSA,Receptor: dte_prod_bice@smtp.suiteelectronica.com Entrega: Expandido Estado: 2.0.0 Servidor Informante:  smtp.suiteelectronica.com Servidor Remoto:  smtp.suiteelectronica.com Codigo de Respuesta:  alias expanded.,http://lvaindices1908.acepta.com/v01/0000000_1721614177_1411542354_153471200_?k=98b8e92fce86e740d82d52fa6452de54,,,,,12/09/2019,,,,
33,factura_electronica,14931,  76.379.570-5,  96.514.410-2,BICE INVERSIONES ADMINISTRADORA GENERAL DE FONDOS S.A.,14/08/2019 11:54,12/08/2019,979758,0,186154,1165912,[ ],14/08/2019 11:58,ACEPTADO_POR_EL_SII,2019-08-14 11:58:01.643 TrackID: 3929550726,14/08/2019 12:22,ACEPTADO_CON_RECEPCION_TECNICA,Emite: bice_admgralfondos@artikos.cl Glosa: Env\303\255o Recibido Conforme. (0),http://lvaindices1908.acepta.com/v01/0000000_1721614177_1411542054_153471196_?k=98b8e92fce86e740d82d52fa6452de54,,,,,12/09/2019,,,,
33,factura_electronica,14930,  76.379.570-5,  79.532.990-0,BICE INVERSIONES CORREDORES DE BOLSA S A,14/08/2019 11:54,12/08/2019,279931,0,53187,333118,[ ],14/08/2019 11:58,ACEPTADO_POR_EL_SII,2019-08-14 11:58:01.643 TrackID: 3929550726,14/08/2019 12:06,ENTREGA_DE_DTE_POR_INTERCAMBIO_EXITOSA,Receptor: 795329900pro@mail.bcs.cl Entrega: Retransmitida Estado: 2.0.0 Servidor Informante:  smtp-05.custodium.com Servidor Remoto:  mailcleaner.zboxapp.com Codigo de Respuesta:  250 OK id=1hxvjo-0006Z7-P4.,http://lvaindices1908.acepta.com/v01/0000000_1721614177_1411541754_153471192_?k=98b8e92fce86e740d82d52fa6452de54,,,,,12/09/2019,,,,
33,factura_electronica,14929,  76.379.570-5,  96.514.410-2,BICE INVERSIONES ADMINISTRADORA GENERAL DE FONDOS S.A.,14/08/2019 11:54,12/08/2019,699827,0,132967,832794,[ ],14/08/2019 11:58,ACEPTADO_POR_EL_SII,2019-08-14 11:58:01.643 TrackID: 3929550726,14/08/2019 12:21,ACEPTADO_CON_RECEPCION_TECNICA,Emite: bice_admgralfondos@artikos.cl Glosa: Env\303\255o Recibido Conforme. (0),http://lvaindices1908.acepta.com/v01/0000000_1721614177_1411541454_153471187_?k=98b8e92fce86e740d82d52fa6452de54,,,,,12/09/2019,,,,
33,factura_electronica,14928,  76.379.570-5,  96.812.960-0,PENTA VIDA COMPANIA DE SEGUROS VIDA S A,14/08/2019 11:41,12/08/2019,279931,0,53187,333118,[ ],14/08/2019 11:44,ACEPTADO_POR_EL_SII,2019-08-14 11:44:47.349 TrackID: 3929493340,14/08/2019 11:53,ENTREGA_DE_DTE_POR_INTERCAMBIO_EXITOSA,Receptor: documentostributarios@pentavida.cl Entrega: Retransmitida Estado: 2.0.0 Servidor Informante:  smtp-05.custodium.com Servidor Remoto:  mail.pentavida.cl Codigo de Respuesta:  250 2.0.0 OK 53/71-02810-2DB245D5.,http://lvaindices1908.acepta.com/v01/0000000_1721614177_1411410041_153470451_?k=98b8e92fce86e740d82d52fa6452de54,,,Crédito,,12/09/2019,,,,
33,factura_electronica,14927,  76.379.570-5,  96.812.960-0,PENTA VIDA COMPANIA DE SEGUROS VIDA S A,14/08/2019 11:39,12/08/2019,349914,0,66484,416398,[ ],14/08/2019 11:42,ACEPTADO_POR_EL_SII,2019-08-14 11:42:45.109 TrackID: 3929484932,14/08/2019 11:51,ENTREGA_DE_DTE_POR_INTERCAMBIO_EXITOSA,Receptor: documentostributarios@pentavida.cl Entrega: Retransmitida Estado: 2.0.0 Servidor Informante:  smtp-05.custodium.com Servidor Remoto:  mail.pentavida.cl Codigo de Respuesta:  250 2.0.0 OK 82/71-02810-6BB245D5.,http://lvaindices1908.acepta.com/v01/0000000_1721614177_1411390539_153470385_?k=98b8e92fce86e740d82d52fa6452de54,,,Crédito,,12/09/2019,,,,
33,factura_electronica,14926,  76.379.570-5,  76.576.607-9,SARTOR ADMINISTRADORA GENERAL DE FONDOS S.A.,14/08/2019 11:30,12/08/2019,279931,0,53187,333118,[ ],14/08/2019 11:34,ACEPTADO_POR_EL_SII,2019-08-14 11:34:36.926 TrackID: 3929450042,14/08/2019 11:37,ENTREGA_DE_DTE_POR_INTERCAMBIO_EXITOSA,Receptor: FacturacionMIPYME@sii.cl Entrega: Retransmitida Estado: 2.0.0 Servidor Informante:  smtp-05.custodium.com Servidor Remoto:  mxmail.sii.cl Codigo de Respuesta:  250 ok:  Message 66861018 accepted.,http://lvaindices1908.acepta.com/v01/0000000_1721614177_1411305430_153470198_?k=98b8e92fce86e740d82d52fa6452de54,,,Crédito,,12/09/2019,,,,
33,factura_electronica,14925,  76.379.570-5,  76.576.607-9,SARTOR ADMINISTRADORA GENERAL DE FONDOS S.A.,13/08/2019 17:51,12/08/2019,139965,0,26593,166558,[ ],13/08/2019 17:54,ACEPTADO_POR_EL_SII,2019-08-13 17:54:52.356 TrackID: 3927798824,14/08/2019 00:04,ACEPTADO_CON_RECEPCION_TECNICA,Emite: FacturacionMIPYME@sii.cl Glosa: DSR-DTE Recibido Sin Reparos (0),http://lvaindices1908.acepta.com/v01/0000000_1721614177_1317511251_153464256_?k=98b8e92fce86e740d82d52fa6452de54,,,,,12/09/2019,,,,
33,factura_electronica,14924,  76.379.570-5,  76.379.289-7,ASESORIAS TYNDALL SPA,13/08/2019 17:51,12/08/2019,279931,0,53187,333118,[ ],13/08/2019 17:54,ACEPTADO_POR_EL_SII,2019-08-13 17:54:52.356 TrackID: 3927798824,14/08/2019 01:33,ACEPTADO_CON_RECEPCION_TECNICA,Emite: FacturacionMIPYME@sii.cl Glosa: DSR-DTE Recibido Sin Reparos (0),http://lvaindices1908.acepta.com/v01/0000000_1721614177_1317510951_153464255_?k=98b8e92fce86e740d82d52fa6452de54,,,,,12/09/2019,,,,
33,factura_electronica,14923,  76.379.570-5,  76.008.832-3,BUENA VISTA CAPITAL S.A.,13/08/2019 17:51,12/08/2019,559862,0,106374,666236,[ ],13/08/2019 17:54,ACEPTADO_POR_EL_SII,2019-08-13 17:54:52.356 TrackID: 3927798824,13/08/2019 23:47,ACEPTADO_CON_RECEPCION_TECNICA,Emite: facturacionmipyme2@sii.cl Glosa: DSR-DTE Recibido Sin Reparos (0),http://lvaindices1908.acepta.com/v01/0000000_1721614177_1317510651_153464254_?k=98b8e92fce86e740d82d52fa6452de54,,,,,12/09/2019,,,,
33,factura_electronica,14922,  76.379.570-5,  73.037.900-5,Receptor no Electronico,13/08/2019 17:51,12/08/2019,279931,0,53187,333118,[ ],13/08/2019 17:54,ACEPTADO_POR_EL_SII,2019-08-13 17:54:52.356 TrackID: 3927798824,,NO_ELECTRONICO,,http://lvaindices1908.acepta.com/v01/0000000_1721614177_1317510351_153464253_?k=98b8e92fce86e740d82d52fa6452de54,,,,,12/09/2019,,,,
33,factura_electronica,14921,  76.379.570-5,  94.716.000-1,RENTA NACIONAL CIA DE SEGUROS DE VIDA S A,13/08/2019 17:51,12/08/2019,629844,0,119670,749514,[ ],13/08/2019 17:54,ACEPTADO_POR_EL_SII,2019-08-13 17:54:52.356 TrackID: 3927798824,13/08/2019 17:58,ACEPTADO_CON_RECEPCION_TECNICA,Emite: rentavida_dte@paperless.cl Glosa: DTE Recibido OK (0),http://lvaindices1908.acepta.com/v01/0000000_1721614177_1317510051_153464250_?k=98b8e92fce86e740d82d52fa6452de54,,,,,12/09/2019,,,,
33,factura_electronica,14920,  76.379.570-5,  60.818.000-1,Receptor no Electronico,13/08/2019 17:50,12/08/2019,2239446,0,425495,2664941,[ ],13/08/2019 17:54,ACEPTADO_POR_EL_SII,2019-08-13 17:54:52.356 TrackID: 3927798824,,NO_ELECTRONICO,,http://lvaindices1908.acepta.com/v01/0000000_1721614177_1317505750_153464249_?k=98b8e92fce86e740d82d52fa6452de54,,,,,12/09/2019,,,,
33,factura_electronica,14919,  76.379.570-5,  70.015.580-3,INSTITUTO DE SEGURIDAD DEL TRABAJO,13/08/2019 17:50,12/08/2019,195952,0,37231,233183,[ ],13/08/2019 17:54,ACEPTADO_POR_EL_SII,2019-08-13 17:54:52.356 TrackID: 3927798824,13/08/2019 17:57,ENTREGA_DE_DTE_POR_INTERCAMBIO_EXITOSA,Receptor: intercambio_sii@ist.cl Entrega: Retransmitida Estado: 2.0.0 Servidor Informante:  smtp-05.custodium.com Servidor Remoto:  mail.ist.cl Codigo de Respuesta:  250 OK id=1hxemG-0006MG-JD.,http://lvaindices1908.acepta.com/v01/0000000_1721614177_1317505450_153464248_?k=98b8e92fce86e740d82d52fa6452de54,,,,,12/09/2019,,,,
33,factura_electronica,14918,  76.379.570-5,  76.017.206-5,GFI BROKERS (CHILE) AGENTES DE VALORES SPA.,13/08/2019 17:50,12/08/2019,839792,0,159560,999352,[ ],13/08/2019 17:54,ACEPTADO_POR_EL_SII,2019-08-13 17:54:52.356 TrackID: 3927798824,13/08/2019 17:58,ENTREGA_DE_DTE_POR_INTERCAMBIO_EXITOSA,Receptor: contacto@gfidte.cl Entrega: Retransmitida Estado: 2.0.0 Servidor Informante:  smtp-05.custodium.com Servidor Remoto:  gfidte.cl Codigo de Respuesta:  250 OK id=1hxenu-00Fqvl-7G.,http://lvaindices1908.acepta.com/v01/0000000_1721614177_1317505150_153464247_?k=98b8e92fce86e740d82d52fa6452de54,,,,,12/09/2019,,,,
33,factura_electronica,14917,  76.379.570-5,  76.513.692-K,CG SERVICIOS FINANCIEROS LIMITADA,13/08/2019 17:50,12/08/2019,475882,0,90418,566300,[ ],13/08/2019 17:54,ACEPTADO_POR_EL_SII,2019-08-13 17:54:52.356 TrackID: 3927798824,13/08/2019 18:09,ACEPTADO_CON_RECEPCION_TECNICA,Emite: intercambio@dtebcn.cl Glosa: ACUSE RECIBO AUTOMATICO (0),http://lvaindices1908.acepta.com/v01/0000000_1721614177_1317504750_153464246_?k=98b8e92fce86e740d82d52fa6452de54,,,,,12/09/2019,,,,
33,factura_electronica,14916,  76.379.570-5,  76.852.879-9,PRISMA CAPITAL SPA,13/08/2019 17:50,12/08/2019,335917,0,63824,399741,[ ],13/08/2019 17:54,ACEPTADO_POR_EL_SII,2019-08-13 17:54:52.356 TrackID: 3927798824,13/08/2019 23:47,ACEPTADO_CON_RECEPCION_TECNICA,Emite: FacturacionMIPYME@sii.cl Glosa: DSR-DTE Recibido Sin Reparos (0),http://lvaindices1908.acepta.com/v01/0000000_1721614177_1317504550_153464245_?k=98b8e92fce86e740d82d52fa6452de54,,,,,12/09/2019,,,,
33,factura_electronica,14915,  76.379.570-5,  96.837.640-3,BNP PARIBAS CARDIF SEGUROS GENERALES S.A.,13/08/2019 17:50,12/08/2019,237941,0,45209,283150,[ ],13/08/2019 17:54,ACEPTADO_POR_EL_SII,2019-08-13 17:54:52.356 TrackID: 3927798824,13/08/2019 17:59,ACEPTADO_CON_RECEPCION_TECNICA,Emite: grales@facturacion.cardif.cl Glosa: DTE Recibido OK (0),http://lvaindices1908.acepta.com/v01/0000000_1721614177_1317504250_153464243_?k=98b8e92fce86e740d82d52fa6452de54,,,,,12/09/2019,,,,
33,factura_electronica,14914,  76.379.570-5,  96.489.000-5,CREDICORP CAPITAL S.A. CORREDORES DE BOLSA,13/08/2019 17:50,12/08/2019,251938,0,47868,299806,[ ],13/08/2019 17:54,ACEPTADO_POR_EL_SII,2019-08-13 17:54:52.356 TrackID: 3927798824,13/08/2019 17:57,ENTREGA_DE_DTE_POR_INTERCAMBIO_EXITOSA,Receptor: 964890005pro@mail.bcs.cl Entrega: Retransmitida Estado: 2.0.0 Servidor Informante:  smtp-05.custodium.com Servidor Remoto:  mailcleaner.zboxapp.com Codigo de Respuesta:  250 OK id=1hxemK-0001Ap-Fm.,http://lvaindices1908.acepta.com/v01/0000000_1721614177_1317503950_153464242_?k=98b8e92fce86e740d82d52fa6452de54,,,,,12/09/2019,,,,
33,factura_electronica,14913,  76.379.570-5,  96.551.730-8,"BOLSA ELECTRONICA DE CHILE, BOLSA DE VALORES",13/08/2019 17:50,12/08/2019,195952,0,37231,233183,[ ],13/08/2019 17:54,ACEPTADO_POR_EL_SII,2019-08-13 17:54:52.356 TrackID: 3927798824,14/08/2019 10:00,ACEPTADO_CON_RECEPCION_TECNICA,Emite: dte@bolchile.cl Glosa: DTE No Recibido - Error de Schema (5),http://lvaindices1908.acepta.com/v01/0000000_1721614177_1317503650_153464241_?k=98b8e92fce86e740d82d52fa6452de54,,,,,12/09/2019,,,,
33,factura_electronica,14912,  76.379.570-5,  99.024.000-0,Receptor no Electronico,13/08/2019 17:50,12/08/2019,195952,0,37231,233183,[ ],13/08/2019 17:54,ACEPTADO_POR_EL_SII,2019-08-13 17:54:52.356 TrackID: 3927798824,,NO_ELECTRONICO,,http://lvaindices1908.acepta.com/v01/0000000_1721614177_1317503350_153464240_?k=98b8e92fce86e740d82d52fa6452de54,,,,,12/09/2019,,,,
33,factura_electronica,14911,  76.379.570-5,  99.543.100-9,MBI ADMINISTRADORA GENERAL DE FONDOS SOCIEDAD ANONIMA,13/08/2019 17:50,12/08/2019,559862,0,106374,666236,[ ],13/08/2019 17:54,ACEPTADO_POR_EL_SII,2019-08-13 17:54:52.356 TrackID: 3927798824,14/08/2019 10:22,ACEPTADO_CON_RECEPCION_TECNICA,Emite: facturacion@mbi.cl Glosa: DTE No Recibido - Error de Schema (5),http://lvaindices1908.acepta.com/v01/0000000_1721614177_1317503050_153464239_?k=98b8e92fce86e740d82d52fa6452de54,,,,,12/09/2019,,,,
33,factura_electronica,14910,  76.379.570-5,  96.772.490-4,CONSORCIO CORREDORES DE BOLSA S A,13/08/2019 17:50,12/08/2019,951765,0,180835,1132600,[ ],13/08/2019 17:54,ACEPTADO_POR_EL_SII,2019-08-13 17:54:52.356 TrackID: 3927798824,13/08/2019 18:06,ACEPTADO_CON_RECEPCION_TECNICA,Emite: consorciocorredores@enternet.cl Glosa: Envio Recibido Conforme (0),http://lvaindices1908.acepta.com/v01/0000000_1721614177_1317502750_153464238_?k=98b8e92fce86e740d82d52fa6452de54,,,,,12/09/2019,,,,
33,factura_electronica,14909,  76.379.570-5,  76.245.069-0,STF AGENTE DE VALORES SPA,13/08/2019 17:50,12/08/2019,139965,0,26593,166558,[ ],13/08/2019 17:54,ACEPTADO_POR_EL_SII,2019-08-13 17:54:52.356 TrackID: 3927798824,13/08/2019 18:01,ACEPTADO_CON_RECEPCION_TECNICA,Emite: inbox@cloud.gdexpress.cl Glosa: DTE Recibido OK (0),http://lvaindices1908.acepta.com/v01/0000000_1721614177_1317502450_153464237_?k=98b8e92fce86e740d82d52fa6452de54,,,,,12/09/2019,,,,
33,factura_electronica,14908,  76.379.570-5,  96.571.890-7,COMPANIA DE SEGUROS CONFUTURO S.A.,13/08/2019 17:50,12/08/2019,559862,0,106374,666236,[ ],13/08/2019 17:54,ACEPTADO_POR_EL_SII,2019-08-13 17:54:52.356 TrackID: 3927798824,13/08/2019 17:57,ENTREGA_DE_DTE_POR_INTERCAMBIO_EXITOSA,Receptor: recepcion-dte3@blueline.cl Entrega: Retransmitida Estado: 2.0.0 Servidor Informante:  smtp-05.custodium.com Servidor Remoto:  ASPMX2.GOOGLEMAIL.COM Codigo de Respuesta:  250 2.0.0 OK  1565733350 g12si10792012pgs.249 - gsmtp.,http://lvaindices1908.acepta.com/v01/0000000_1721614177_1317502150_153464236_?k=98b8e92fce86e740d82d52fa6452de54,,,,,12/09/2019,,,,
33,factura_electronica,14907,  76.379.570-5,  76.810.627-4,FINTUAL ADMINISTRADORA GENERAL DE FONDOS S.A.,13/08/2019 17:50,12/08/2019,335917,0,63824,399741,[ ],13/08/2019 17:54,ACEPTADO_POR_EL_SII,2019-08-13 17:54:52.356 TrackID: 3927798824,13/08/2019 23:45,ACEPTADO_CON_RECEPCION_TECNICA,Emite: FacturacionMIPYME@sii.cl Glosa: DSR-DTE Recibido Sin Reparos (0),http://lvaindices1908.acepta.com/v01/0000000_1721614177_1317501850_153464233_?k=98b8e92fce86e740d82d52fa6452de54,,,,,12/09/2019,,,,
33,factura_electronica,14906,  76.379.570-5,  96.564.330-3,BANCOESTADO SA CORREDORES DE BOLSA,13/08/2019 17:50,12/08/2019,587855,0,111692,699547,[ ],13/08/2019 17:54,ACEPTADO_POR_EL_SII,2019-08-13 17:54:52.356 TrackID: 3927798824,13/08/2019 17:57,ENTREGA_DE_DTE_POR_INTERCAMBIO_EXITOSA,Receptor: 965643303pro@mail.bcs.cl Entrega: Retransmitida Estado: 2.0.0 Servidor Informante:  smtp-05.custodium.com Servidor Remoto:  mailcleaner.zboxapp.com Codigo de Respuesta:  250 OK id=1hxemL-0001BS-NZ.,http://lvaindices1908.acepta.com/v01/0000000_1721614177_1317501550_153464232_?k=98b8e92fce86e740d82d52fa6452de54,,,,,12/09/2019,,,,
33,factura_electronica,14905,  76.379.570-5,  97.004.000-5,BANCO DE CHILE,13/08/2019 15:27,12/08/2019,279931,0,53187,333118,[ ],13/08/2019 15:31,ACEPTADO_POR_EL_SII,2019-08-13 15:31:24.776 TrackID: 3927201198,13/08/2019 15:33,ACEPTADO_CON_RECEPCION_TECNICA,Emite: bancochile_rec@artikos.cl Glosa: Env\303\255o Recibido Conforme. (0),http://lvaindices1908.acepta.com/v01/0000000_1721614177_1315271827_153460564_?k=98b8e92fce86e740d82d52fa6452de54,,,,,12/09/2019,,,,
33,factura_electronica,14904,  76.379.570-5,  97.004.000-5,BANCO DE CHILE,13/08/2019 15:27,12/08/2019,979758,0,186154,1165912,[ ],13/08/2019 15:31,ACEPTADO_POR_EL_SII,2019-08-13 15:31:24.776 TrackID: 3927201198,13/08/2019 15:34,ACEPTADO_CON_RECEPCION_TECNICA,Emite: bancochile_rec@artikos.cl Glosa: Env\303\255o Recibido Conforme. (0),http://lvaindices1908.acepta.com/v01/0000000_1721614177_1315271527_153460557_?k=98b8e92fce86e740d82d52fa6452de54,,,,,12/09/2019,,,,
33,factura_electronica,14903,  76.379.570-5,  97.029.000-1,BANCO CENTRAL DE CHILE,12/08/2019 18:06,12/08/2019,1677530,0,318731,1996261,[ ],12/08/2019 18:10,ACEPTADO_POR_EL_SII,2019-08-12 18:10:04.215 TrackID: 3924782008,12/08/2019 18:12,ENTREGA_DE_DTE_POR_INTERCAMBIO_EXITOSA,Receptor: dte_prod_bcentral@smtp.suiteelectronica.com Entrega: Expandido Estado: 2.0.0 Servidor Informante:  smtp.suiteelectronica.com Servidor Remoto:  smtp.suiteelectronica.com Codigo de Respuesta:  alias expanded.,http://lvaindices1908.acepta.com/v01/0000000_1721614177_1218055905_153452148_?k=98b8e92fce86e740d82d52fa6452de54,,,Crédito,,12/09/2019,,,,
33,factura_electronica,14902,  76.379.570-5,  97.029.000-1,BANCO CENTRAL DE CHILE,12/08/2019 18:02,12/08/2019,335506,0,63746,399252,[ ],12/08/2019 18:06,ACEPTADO_POR_EL_SII,2019-08-12 18:06:01.804 TrackID: 3924770826,12/08/2019 18:10,ENTREGA_DE_DTE_POR_INTERCAMBIO_EXITOSA,Receptor: dte_prod_bcentral@smtp.suiteelectronica.com Entrega: Expandido Estado: 2.0.0 Servidor Informante:  smtp.suiteelectronica.com Servidor Remoto:  smtp.suiteelectronica.com Codigo de Respuesta:  alias expanded.,http://lvaindices1908.acepta.com/v01/0000000_1721614177_1218024002_153452117_?k=98b8e92fce86e740d82d52fa6452de54,,,Crédito,,12/09/2019,,,,
33,factura_electronica,14901,  76.379.570-5,  96.767.630-6,BANCHILE ADMINISTRADORA GENERAL DE FONDOS S A,12/08/2019 17:47,12/08/2019,559862,0,106374,666236,[ ],12/08/2019 17:50,ACEPTADO_POR_EL_SII,2019-08-12 17:50:49.946 TrackID: 3924713574,12/08/2019 17:53,ACEPTADO_CON_RECEPCION_TECNICA,Emite: agf_dte@paperless.cl Glosa: DTE Recibido OK (0),http://lvaindices1908.acepta.com/v01/0000000_1721614177_1217472447_153451859_?k=98b8e92fce86e740d82d52fa6452de54,,,Crédito,,12/09/2019,,,,
33,factura_electronica,14900,  76.379.570-5,  96.767.630-6,BANCHILE ADMINISTRADORA GENERAL DE FONDOS S A,12/08/2019 17:44,12/08/2019,979758,0,186154,1165912,[ ],12/08/2019 17:47,ACEPTADO_POR_EL_SII,2019-08-12 17:47:46.523 TrackID: 3924702288,12/08/2019 17:52,ACEPTADO_CON_RECEPCION_TECNICA,Emite: agf_dte@paperless.cl Glosa: DTE Recibido OK (0),http://lvaindices1908.acepta.com/v01/0000000_1721614177_1217442544_153451783_?k=98b8e92fce86e740d82d52fa6452de54,,,Crédito,,12/09/2019,,,,
33,factura_electronica,14899,  76.379.570-5,  76.240.079-0,ADMINISTRADORA DE FONDOS DE PENSIONES CUPRUM S.A.,12/08/2019 17:38,12/08/2019,1231696,0,234022,1465718,[ ],12/08/2019 17:41,ACEPTADO_POR_EL_SII,2019-08-12 17:41:40.888 TrackID: 3924677720,12/08/2019 17:48,ACEPTADO_CON_RECEPCION_TECNICA,Emite: pfg_cuprum@artikos.cl Glosa: Env\303\255o Recibido Conforme. (0),http://lvaindices1908.acepta.com/v01/0000000_1721614177_1217381838_153451498_?k=98b8e92fce86e740d82d52fa6452de54,,,,,12/09/2019,,,,
33,factura_electronica,14898,  76.379.570-5,  76.240.079-0,ADMINISTRADORA DE FONDOS DE PENSIONES CUPRUM S.A.,12/08/2019 17:38,12/08/2019,839792,0,159560,999352,[ ],12/08/2019 17:41,ACEPTADO_POR_EL_SII,2019-08-12 17:41:40.888 TrackID: 3924677720,12/08/2019 17:48,ACEPTADO_CON_RECEPCION_TECNICA,Emite: pfg_cuprum@artikos.cl Glosa: Env\303\255o Recibido Conforme. (0),http://lvaindices1908.acepta.com/v01/0000000_1721614177_1217381638_153451497_?k=98b8e92fce86e740d82d52fa6452de54,,,,,12/09/2019,,,,
33,factura_electronica,14897,  76.379.570-5,  76.240.079-0,ADMINISTRADORA DE FONDOS DE PENSIONES CUPRUM S.A.,12/08/2019 17:38,12/08/2019,1119723,0,212747,1332470,[ ],12/08/2019 17:41,ACEPTADO_POR_EL_SII,2019-08-12 17:41:40.888 TrackID: 3924677720,12/08/2019 17:48,ACEPTADO_CON_RECEPCION_TECNICA,Emite: pfg_cuprum@artikos.cl Glosa: Env\303\255o Recibido Conforme. (0),http://lvaindices1908.acepta.com/v01/0000000_1721614177_1217381338_153451495_?k=98b8e92fce86e740d82d52fa6452de54,,,,,12/09/2019,,,,
33,factura_electronica,14896,  76.379.570-5,  98.000.100-8,ADMINISTRADORA DE FONDOS DE PENSIONES HABITAT S A,12/08/2019 17:23,12/08/2019,1231696,0,234022,1465718,[ ],12/08/2019 17:27,ACEPTADO_POR_EL_SII,2019-08-12 17:27:38.758 TrackID: 3924614408,12/08/2019 17:31,ACEPTADO_CON_RECEPCION_TECNICA,Emite: recepciondte_afphabitat@azuriandte.com Glosa: Documento Rechazado - Error de Schema (99),http://lvaindices1908.acepta.com/v01/0000000_1721614177_1217231723_153451004_?k=98b8e92fce86e740d82d52fa6452de54,,,,,12/09/2019,,,,
33,factura_electronica,14895,  76.379.570-5,  98.000.100-8,ADMINISTRADORA DE FONDOS DE PENSIONES HABITAT S A,12/08/2019 17:23,12/08/2019,839792,0,159560,999352,[ ],12/08/2019 17:27,ACEPTADO_POR_EL_SII,2019-08-12 17:27:38.758 TrackID: 3924614408,12/08/2019 17:31,ACEPTADO_CON_RECEPCION_TECNICA,Emite: recepciondte_afphabitat@azuriandte.com Glosa: Documento Rechazado - Error de Schema (99),http://lvaindices1908.acepta.com/v01/0000000_1721614177_1217231423_153451003_?k=98b8e92fce86e740d82d52fa6452de54,,,,,12/09/2019,,,,
33,factura_electronica,14894,  76.379.570-5,  76.265.736-8,ADMINISTRADORA DE FONDOS DE PENSIONES PROVIDA S.A.,12/08/2019 16:59,12/08/2019,839792,0,159560,999352,[ ],12/08/2019 17:05,ACEPTADO_POR_EL_SII,2019-08-12 17:05:09.716 TrackID: 3924518552,12/08/2019 17:13,ACEPTADO_CON_RECEPCION_TECNICA,Emite: provida@artikos.cl Glosa: Env\303\255o Recibido Conforme. (0),http://lvaindices1908.acepta.com/v01/0000000_1721614177_1216592559_153450586_?k=98b8e92fce86e740d82d52fa6452de54,,,,,12/09/2019,,,,
33,factura_electronica,14893,  76.379.570-5,  76.265.736-8,ADMINISTRADORA DE FONDOS DE PENSIONES PROVIDA S.A.,12/08/2019 16:59,12/08/2019,419896,0,79780,499676,[ ],12/08/2019 17:05,ACEPTADO_POR_EL_SII,2019-08-12 17:05:09.716 TrackID: 3924518552,12/08/2019 17:12,ACEPTADO_CON_RECEPCION_TECNICA,Emite: provida@artikos.cl Glosa: Env\303\255o Recibido Conforme. (0),http://lvaindices1908.acepta.com/v01/0000000_1721614177_1216592259_153450580_?k=98b8e92fce86e740d82d52fa6452de54,,,,,12/09/2019,,,,
33,factura_electronica,14892,  76.379.570-5,  76.265.736-8,ADMINISTRADORA DE FONDOS DE PENSIONES PROVIDA S.A.,12/08/2019 16:59,12/08/2019,671834,0,127648,799482,[ ],12/08/2019 17:05,ACEPTADO_POR_EL_SII,2019-08-12 17:05:09.716 TrackID: 3924518552,12/08/2019 17:12,ACEPTADO_CON_RECEPCION_TECNICA,Emite: provida@artikos.cl Glosa: Env\303\255o Recibido Conforme. (0),http://lvaindices1908.acepta.com/v01/0000000_1721614177_1216592059_153450574_?k=98b8e92fce86e740d82d52fa6452de54,,,,,12/09/2019,,,,
33,factura_electronica,14891,  76.379.570-5,  76.265.736-8,ADMINISTRADORA DE FONDOS DE PENSIONES PROVIDA S.A.,12/08/2019 16:59,12/08/2019,2099481,0,398901,2498382,[ ],12/08/2019 17:05,ACEPTADO_POR_EL_SII,2019-08-12 17:05:09.716 TrackID: 3924518552,12/08/2019 17:13,ACEPTADO_CON_RECEPCION_TECNICA,Emite: provida@artikos.cl Glosa: Env\303\255o Recibido Conforme. (0),http://lvaindices1908.acepta.com/v01/0000000_1721614177_1216591759_153450572_?k=98b8e92fce86e740d82d52fa6452de54,,,,,12/09/2019,,,,
33,factura_electronica,14890,  76.379.570-5,  76.265.736-8,ADMINISTRADORA DE FONDOS DE PENSIONES PROVIDA S.A.,12/08/2019 16:59,12/08/2019,1231696,0,234022,1465718,[ ],12/08/2019 17:05,ACEPTADO_POR_EL_SII,2019-08-12 17:05:09.716 TrackID: 3924518552,12/08/2019 17:13,ACEPTADO_CON_RECEPCION_TECNICA,Emite: provida@artikos.cl Glosa: Env\303\255o Recibido Conforme. (0),http://lvaindices1908.acepta.com/v01/0000000_1721614177_1216591559_153450569_?k=98b8e92fce86e740d82d52fa6452de54,,,,,12/09/2019,,,,
33,factura_electronica,14889,  76.379.570-5,  98.001.200-K,ADMINISTRADORA DE FONDOS DE PENSIONES PLANVITAL S A,12/08/2019 16:33,12/08/2019,559862,0,106374,666236,[ ],12/08/2019 16:36,ACEPTADO_POR_EL_SII,2019-08-12 16:36:32.88 TrackID: 3924395910,12/08/2019 16:41,ENTREGA_DE_DTE_POR_INTERCAMBIO_EXITOSA,Receptor: facturasplanvital@planvital.cl Entrega: Retransmitida Estado: 2.5.0 Servidor Informante:  smail.planvital.cl Servidor Remoto:  127.0.0.1 Codigo de Respuesta:  250 2.5.0 OK (5F6DE5D51CEAD3355E).,http://lvaindices1908.acepta.com/v01/0000000_1721614177_1216333433_153449970_?k=98b8e92fce86e740d82d52fa6452de54,,,,,12/09/2019,,,,
33,factura_electronica,14888,  76.379.570-5,  98.001.200-K,ADMINISTRADORA DE FONDOS DE PENSIONES PLANVITAL S A,12/08/2019 16:33,12/08/2019,139965,0,26593,166558,[ ],12/08/2019 16:36,ACEPTADO_POR_EL_SII,2019-08-12 16:36:32.88 TrackID: 3924395910,12/08/2019 16:41,ENTREGA_DE_DTE_POR_INTERCAMBIO_EXITOSA,Receptor: facturasplanvital@planvital.cl Entrega: Retransmitida Estado: 2.5.0 Servidor Informante:  smail.planvital.cl Servidor Remoto:  127.0.0.1 Codigo de Respuesta:  250 2.5.0 OK (5F6DE5D51CEAD3355E).,http://lvaindices1908.acepta.com/v01/0000000_1721614177_1216333133_153449969_?k=98b8e92fce86e740d82d52fa6452de54,,,,,12/09/2019,,,,
33,factura_electronica,14887,  76.379.570-5,  98.001.200-K,ADMINISTRADORA DE FONDOS DE PENSIONES PLANVITAL S A,12/08/2019 16:33,12/08/2019,419896,0,79780,499676,[ ],12/08/2019 16:36,ACEPTADO_POR_EL_SII,2019-08-12 16:36:32.88 TrackID: 3924395910,12/08/2019 16:41,ENTREGA_DE_DTE_POR_INTERCAMBIO_EXITOSA,Receptor: facturasplanvital@planvital.cl Entrega: Retransmitida Estado: 2.5.0 Servidor Informante:  smail.planvital.cl Servidor Remoto:  127.0.0.1 Codigo de Respuesta:  250 2.5.0 OK (5F6DE5D51CEAD3355E).,http://lvaindices1908.acepta.com/v01/0000000_1721614177_1216332833_153449967_?k=98b8e92fce86e740d82d52fa6452de54,,,,,12/09/2019,,,,
33,factura_electronica,14886,  76.379.570-5,  98.001.200-K,ADMINISTRADORA DE FONDOS DE PENSIONES PLANVITAL S A,12/08/2019 16:33,12/08/2019,839792,0,159560,999352,[ ],12/08/2019 16:36,ACEPTADO_POR_EL_SII,2019-08-12 16:36:32.88 TrackID: 3924395910,12/08/2019 16:41,ENTREGA_DE_DTE_POR_INTERCAMBIO_EXITOSA,Receptor: facturasplanvital@planvital.cl Entrega: Retransmitida Estado: 2.5.0 Servidor Informante:  smail.planvital.cl Servidor Remoto:  127.0.0.1 Codigo de Respuesta:  250 2.5.0 OK (5F6DE5D51CEAD3355E).,http://lvaindices1908.acepta.com/v01/0000000_1721614177_1216332533_153449966_?k=98b8e92fce86e740d82d52fa6452de54,,,,,12/09/2019,,,,
33,factura_electronica,14885,  76.379.570-5,  98.001.200-K,ADMINISTRADORA DE FONDOS DE PENSIONES PLANVITAL S A,12/08/2019 16:33,12/08/2019,1119723,0,212747,1332470,[ ],12/08/2019 16:36,ACEPTADO_POR_EL_SII,2019-08-12 16:36:32.88 TrackID: 3924395910,12/08/2019 16:41,ENTREGA_DE_DTE_POR_INTERCAMBIO_EXITOSA,Receptor: facturasplanvital@planvital.cl Entrega: Retransmitida Estado: 2.5.0 Servidor Informante:  smail.planvital.cl Servidor Remoto:  127.0.0.1 Codigo de Respuesta:  250 2.5.0 OK (5F6DE5D51CEAD3355E).,http://lvaindices1908.acepta.com/v01/0000000_1721614177_1216332333_153449965_?k=98b8e92fce86e740d82d52fa6452de54,,,,,12/09/2019,,,,
33,factura_electronica,14884,  76.379.570-5,  98.001.200-K,ADMINISTRADORA DE FONDOS DE PENSIONES PLANVITAL S A,12/08/2019 16:33,12/08/2019,503875,0,95736,599611,[ ],12/08/2019 16:36,ACEPTADO_POR_EL_SII,2019-08-12 16:36:32.88 TrackID: 3924395910,12/08/2019 16:41,ENTREGA_DE_DTE_POR_INTERCAMBIO_EXITOSA,Receptor: facturasplanvital@planvital.cl Entrega: Retransmitida Estado: 2.5.0 Servidor Informante:  smail.planvital.cl Servidor Remoto:  127.0.0.1 Codigo de Respuesta:  250 2.5.0 OK (5F6DE5D51CEAD3355E).,http://lvaindices1908.acepta.com/v01/0000000_1721614177_1216332033_153449963_?k=98b8e92fce86e740d82d52fa6452de54,,,,,12/09/2019,,,,
33,factura_electronica,14883,  76.379.570-5,  98.001.200-K,ADMINISTRADORA DE FONDOS DE PENSIONES PLANVITAL S A,12/08/2019 16:33,12/08/2019,167958,0,31912,199870,[ ],12/08/2019 16:36,ACEPTADO_POR_EL_SII,2019-08-12 16:36:32.88 TrackID: 3924395910,12/08/2019 16:41,ENTREGA_DE_DTE_POR_INTERCAMBIO_EXITOSA,Receptor: facturasplanvital@planvital.cl Entrega: Retransmitida Estado: 2.5.0 Servidor Informante:  smail.planvital.cl Servidor Remoto:  127.0.0.1 Codigo de Respuesta:  250 2.5.0 OK (5F6DE5D51CEAD3355E).,http://lvaindices1908.acepta.com/v01/0000000_1721614177_1216331733_153449962_?k=98b8e92fce86e740d82d52fa6452de54,,,,,12/09/2019,,,,
33,factura_electronica,14882,  76.379.570-5,  98.001.200-K,ADMINISTRADORA DE FONDOS DE PENSIONES PLANVITAL S A,12/08/2019 16:33,12/08/2019,1231696,0,234022,1465718,[ ],12/08/2019 16:36,ACEPTADO_POR_EL_SII,2019-08-12 16:36:32.88 TrackID: 3924395910,12/08/2019 16:41,ENTREGA_DE_DTE_POR_INTERCAMBIO_EXITOSA,Receptor: facturasplanvital@planvital.cl Entrega: Retransmitida Estado: 2.5.0 Servidor Informante:  smail.planvital.cl Servidor Remoto:  127.0.0.1 Codigo de Respuesta:  250 2.5.0 OK (5F6DE5D51CEAD3355E).,http://lvaindices1908.acepta.com/v01/0000000_1721614177_1216331533_153449961_?k=98b8e92fce86e740d82d52fa6452de54,,,,,12/09/2019,,,,
33,factura_electronica,14881,  76.379.570-5,  76.762.250-3,ADMINISTRADORA DE FONDOS DE PENSIONES MODELO S A,12/08/2019 15:19,12/08/2019,839792,0,159560,999352,[ ],12/08/2019 15:22,ACEPTADO_POR_EL_SII,2019-08-12 15:22:15.172 TrackID: 3924103934,12/08/2019 15:32,ACEPTADO_CON_RECEPCION_TECNICA,Emite: windte_dte@custodium.com Glosa: Envio Recibido Conforme (0),http://lvaindices1908.acepta.com/v01/0000000_1721614177_1215192319_153448432_?k=98b8e92fce86e740d82d52fa6452de54,,,,,12/09/2019,,,,
33,factura_electronica,14880,  76.379.570-5,  76.762.250-3,ADMINISTRADORA DE FONDOS DE PENSIONES MODELO S A,12/08/2019 15:19,12/08/2019,251938,0,47868,299806,[ ],12/08/2019 15:22,ACEPTADO_POR_EL_SII,2019-08-12 15:22:15.172 TrackID: 3924103934,12/08/2019 15:31,ACEPTADO_CON_RECEPCION_TECNICA,Emite: windte_dte@custodium.com Glosa: Envio Recibido Conforme (0),http://lvaindices1908.acepta.com/v01/0000000_1721614177_1215192019_153448430_?k=98b8e92fce86e740d82d52fa6452de54,,,,,12/09/2019,,,,
33,factura_electronica,14879,  76.379.570-5,  76.762.250-3,ADMINISTRADORA DE FONDOS DE PENSIONES MODELO S A,12/08/2019 15:19,12/08/2019,195952,0,37231,233183,[ ],12/08/2019 15:22,ACEPTADO_POR_EL_SII,2019-08-12 15:22:15.172 TrackID: 3924103934,12/08/2019 15:31,ACEPTADO_CON_RECEPCION_TECNICA,Emite: windte_dte@custodium.com Glosa: Envio Recibido Conforme (0),http://lvaindices1908.acepta.com/v01/0000000_1721614177_1215191819_153448427_?k=98b8e92fce86e740d82d52fa6452de54,,,,,12/09/2019,,,,
33,factura_electronica,14878,  76.379.570-5,  76.762.250-3,ADMINISTRADORA DE FONDOS DE PENSIONES MODELO S A,12/08/2019 15:19,12/08/2019,1231696,0,234022,1465718,[ ],12/08/2019 15:22,ACEPTADO_POR_EL_SII,2019-08-12 15:22:15.172 TrackID: 3924103934,12/08/2019 15:32,ACEPTADO_CON_RECEPCION_TECNICA,Emite: windte_dte@custodium.com Glosa: Envio Recibido Conforme (0),http://lvaindices1908.acepta.com/v01/0000000_1721614177_1215191519_153448424_?k=98b8e92fce86e740d82d52fa6452de54,,,,,12/09/2019,,,,
33,factura_electronica,14877,  76.379.570-5,  76.237.243-6,SOCIEDAD ADMINISTRADORA DE FONDOS DE CESANTIA DE CHILE II S.A.,12/08/2019 14:48,12/08/2019,1231696,0,234022,1465718,[ ],12/08/2019 14:50,ACEPTADO_POR_EL_SII,2019-08-12 14:50:46.049 TrackID: 3924003184,12/08/2019 21:24,ACEPTADO_CON_RECEPCION_TECNICA,Emite: facturacionmipyme2@sii.cl Glosa: DSR-DTE Recibido Sin Reparos (0),http://lvaindices1908.acepta.com/v01/0000000_1721614177_1214482148_153447769_?k=98b8e92fce86e740d82d52fa6452de54,,,,,12/09/2019,,,,
33,factura_electronica,14876,  76.379.570-5,  76.237.243-6,SOCIEDAD ADMINISTRADORA DE FONDOS DE CESANTIA DE CHILE II S.A.,12/08/2019 14:48,12/08/2019,979758,0,186154,1165912,[ ],12/08/2019 14:50,ACEPTADO_POR_EL_SII,2019-08-12 14:50:46.049 TrackID: 3924003184,12/08/2019 21:24,ACEPTADO_CON_RECEPCION_TECNICA,Emite: facturacionmipyme2@sii.cl Glosa: DSR-DTE Recibido Sin Reparos (0),http://lvaindices1908.acepta.com/v01/0000000_1721614177_1214481948_153447768_?k=98b8e92fce86e740d82d52fa6452de54,,,,,12/09/2019,,,,
33,factura_electronica,14875,  76.379.570-5,  76.237.243-6,SOCIEDAD ADMINISTRADORA DE FONDOS DE CESANTIA DE CHILE II S.A.,12/08/2019 14:48,12/08/2019,839792,0,159560,999352,[ ],12/08/2019 14:50,ACEPTADO_POR_EL_SII,2019-08-12 14:50:46.049 TrackID: 3924003184,12/08/2019 21:24,ACEPTADO_CON_RECEPCION_TECNICA,Emite: facturacionmipyme2@sii.cl Glosa: DSR-DTE Recibido Sin Reparos (0),http://lvaindices1908.acepta.com/v01/0000000_1721614177_1214481648_153447766_?k=98b8e92fce86e740d82d52fa6452de54,,,,,12/09/2019,,,,
33,factura_electronica,14874,  76.379.570-5,  76.237.243-6,SOCIEDAD ADMINISTRADORA DE FONDOS DE CESANTIA DE CHILE II S.A.,12/08/2019 14:48,12/08/2019,139965,0,26593,166558,[ ],12/08/2019 14:50,ACEPTADO_POR_EL_SII,2019-08-12 14:50:46.049 TrackID: 3924003184,12/08/2019 21:24,ACEPTADO_CON_RECEPCION_TECNICA,Emite: facturacionmipyme2@sii.cl Glosa: DSR-DTE Recibido Sin Reparos (0),http://lvaindices1908.acepta.com/v01/0000000_1721614177_1214481448_153447762_?k=98b8e92fce86e740d82d52fa6452de54,,,,,12/09/2019,,,,
33,factura_electronica,14873,  76.379.570-5,  97.947.000-2,BANCO RIPLEY,12/08/2019 13:30,12/08/2019,670882,0,127468,798350,[ ],12/08/2019 13:33,ACEPTADO_POR_EL_SII,2019-08-12 13:33:30.485 TrackID: 3923771696,12/08/2019 13:47,ACEPTADO_CON_RECEPCION_TECNICA,Emite: dte@bancoripley.com Glosa: DTE Recibido OK (0),http://lvaindices1908.acepta.com/v01/0000000_1721614177_1213300330_153446694_?k=98b8e92fce86e740d82d52fa6452de54,"[{""Nro.Ref"":""1"",""Tipo"":""801"",""Folio"":""4310011985"",""Fecha"":""2019-08-01"",""Razon Ref"":""""}]",,Crédito,,12/09/2019,,,,