tipo;tipo_documento;folio;emisor;receptor;razon_social_receptor;publicacion;emision;monto_neto;monto_exento;monto_iva;monto_total;impuestos;fecha_sii;estado_sii;informacion_sii;fecha_intercambio;estado_intercambio;informacion_intercambio;uri;referencias;indservicio;condicion_pago;tipofactesp;fecha_vencimiento;estado_reclamo_mercaderia;fecha_reclamo_mercaderia;estado_reclamo_contenido;fecha_reclamo_contenido
33;factura_electronica;15324;  76.379.570-5;  96.813.520-1;CHILQUINTA ENERGIA S A;10-10-2019 12:39;09-10-2019;112261;0;21330;133591;;;;;;;;http://lvaindices1910.acepta.com/v01/0000000_1721614177_1012392239_154040448_?k=98b8e92fce86e740d82d52fa6452de54;"[{""Nro.Ref"":""1"",""Tipo"":""801"",""Folio"":""2500021983"",""Fecha"":""2019-10-09"",""Razon Ref"":""OC 2500021983""}]";;Crédito;;09-11-2019;;;;
33;factura_electronica;15323;  76.379.570-5;  76.555.400-4;TRANSELEC S A;10-10-2019 12:36;09-10-2019;224523;0;42659;267182;[ ];10-10-2019 12:40;ACEPTADO_POR_EL_SII;2019-10-10 12:40:40.733 TrackID: 4062430464;10-10-2019 12:40;ENVIADO_POR_INTERCAMBIO;Recibe: transelecrecepcion@custodium.com;http://lvaindices1910.acepta.com/v01/0000000_1721614177_1012365436_154040424_?k=98b8e92fce86e740d82d52fa6452de54;"[{""Nro.Ref"":""1"",""Tipo"":""801"",""Folio"":""4500119137"",""Fecha"":""2019-01-10"",""Razon Ref"":""""},{""Nro.Ref"":""2"",""Tipo"":""HES"",""Folio"":""1000332373"",""Fecha"":""2019-10-01"",""Razon Ref"":""""}]";;Crédito;;09-11-2019;;;;
33;factura_electronica;15322;  76.379.570-5;  81.274.800-9;Receptor no Electronico;10-10-2019 12:32;09-10-2019;420980;0;79986;500966;[ ];10-10-2019 12:36;ACEPTADO_POR_EL_SII;2019-10-10 12:36:37.376 TrackID: 4062413738;;NO_ELECTRONICO;;http://lvaindices1910.acepta.com/v01/0000000_1721614177_1012325432_154040331_?k=98b8e92fce86e740d82d52fa6452de54;;;;;09-11-2019;;;;
33;factura_electronica;15321;  76.379.570-5;  81.274.800-9;Receptor no Electronico;10-10-2019 12:32;09-10-2019;336784;0;63989;400773;[ ];10-10-2019 12:36;ACEPTADO_POR_EL_SII;2019-10-10 12:36:37.376 TrackID: 4062413738;;NO_ELECTRONICO;;http://lvaindices1910.acepta.com/v01/0000000_1721614177_1012325132_154040330_?k=98b8e92fce86e740d82d52fa6452de54;;;;;09-11-2019;;;;
33;factura_electronica;15320;  76.379.570-5;  96.684.990-8;MONEDA S.A. ADMINISTRADORA GENERAL DE FONDOS;10-10-2019 12:30;09-10-2019;140327;0;26662;166989;;10-10-2019 12:32;ACEPTADO_POR_EL_SII;2019-10-10 12:32:32.289 TrackID: 4062397236;10-10-2019 12:33;ENTREGA_DE_DTE_POR_INTERCAMBIO_EXITOSA;Receptor: facturaciondte@facturachile.cl Entrega: Retransmitida Estado: 2.0.0 Servidor Informante:  smtp-05.custodium.com Servidor Remoto:  ASPMX.L.GOOGLE.com Codigo de Respuesta:  250 2.0.0 OK  1570721556 ck18si3184203ejb.300 - gsmtp.;http://lvaindices1910.acepta.com/v01/0000000_1721614177_1012303030_154040255_?k=98b8e92fce86e740d82d52fa6452de54;;;Crédito;;09-11-2019;;;;
33;factura_electronica;15319;  76.379.570-5;  96.684.990-8;MONEDA S.A. ADMINISTRADORA GENERAL DE FONDOS;10-10-2019 12:28;09-10-2019;561307;0;106648;667955;[ ];10-10-2019 12:32;ACEPTADO_POR_EL_SII;2019-10-10 12:32:32.289 TrackID: 4062397236;10-10-2019 12:33;ENTREGA_DE_DTE_POR_INTERCAMBIO_EXITOSA;Receptor: facturaciondte@facturachile.cl Entrega: Retransmitida Estado: 2.0.0 Servidor Informante:  smtp-05.custodium.com Servidor Remoto:  ASPMX.L.GOOGLE.com Codigo de Respuesta:  250 2.0.0 OK  1570721556 ck18si3184203ejb.300 - gsmtp.;http://lvaindices1910.acepta.com/v01/0000000_1721614177_1012285428_154040205_?k=98b8e92fce86e740d82d52fa6452de54;;;Crédito;;09-10-2019;;;;
33;factura_electronica;15318;  76.379.570-5;  97.004.000-5;BANCO DE CHILE;10-10-2019 12:24;09-10-2019;982287;0;186635;1168922;;10-10-2019 12:26;ACEPTADO_POR_EL_SII;2019-10-10 12:26:55.071 TrackID: 4062370254;10-10-2019 12:28;ENTREGA_DE_DTE_POR_INTERCAMBIO_EXITOSA;Receptor: bancochile_rec@artikos.cl Entrega: Retransmitida Estado: 2.0.0 Servidor Informante:  mail.artikos.cl Servidor Remoto:  localhost Codigo de Respuesta:  250 OK: data received.;http://lvaindices1910.acepta.com/v01/0000000_1721614177_1012241824_154040080_?k=98b8e92fce86e740d82d52fa6452de54;;;;;09-11-2019;;;;
33;factura_electronica;15317;  76.379.570-5;  97.004.000-5;BANCO DE CHILE;10-10-2019 12:24;09-10-2019;280654;0;53324;333978;[ ];10-10-2019 12:26;ACEPTADO_POR_EL_SII;2019-10-10 12:26:55.071 TrackID: 4062370254;10-10-2019 12:28;ENTREGA_DE_DTE_POR_INTERCAMBIO_EXITOSA;Receptor: bancochile_rec@artikos.cl Entrega: Retransmitida Estado: 2.0.0 Servidor Informante:  mail.artikos.cl Servidor Remoto:  localhost Codigo de Respuesta:  250 OK: data received.;http://lvaindices1910.acepta.com/v01/0000000_1721614177_1012241524_154040077_?k=98b8e92fce86e740d82d52fa6452de54;;;;;09-11-2019;;;;
33;factura_electronica;15316;  76.379.570-5;  97.018.000-1;SCOTIABANK CHILE;10-10-2019 12:22;09-10-2019;701634;0;133310;834944;[ ];10-10-2019 12:26;ACEPTADO_POR_EL_SII;2019-10-10 12:26:55.071 TrackID: 4062370254;10-10-2019 12:28;ENTREGA_DE_DTE_POR_INTERCAMBIO_EXITOSA;"Receptor: recepcion@custodium.com Entrega: Retransmitida Estado: 2.0.0 Servidor Informante:  mail.custodium.com Servidor Remoto:  mail.custodium.com Codigo de Respuesta:  250 2.0.0 <recepcion@custodium.com>     UxdJAcxNn11oYgAA/AembA Saved.";http://lvaindices1910.acepta.com/v01/0000000_1721614177_1012224122_154040051_?k=98b8e92fce86e740d82d52fa6452de54;;;Crédito;;09-11-2019;;;;
33;factura_electronica;15315;  76.379.570-5;  73.037.900-5;Receptor no Electronico;10-10-2019 12:18;09-10-2019;841961;0;159973;1001934;;10-10-2019 12:21;ACEPTADO_POR_EL_SII;2019-10-10 12:21:51.304 TrackID: 4062350636;;NO_ELECTRONICO;;http://lvaindices1910.acepta.com/v01/0000000_1721614177_1012181718_154039998_?k=98b8e92fce86e740d82d52fa6452de54;;;;;09-11-2019;;;;
33;factura_electronica;15314;  76.379.570-5;  73.037.900-5;Receptor no Electronico;10-10-2019 12:18;09-10-2019;280654;0;53324;333978;[ ];10-10-2019 12:21;ACEPTADO_POR_EL_SII;2019-10-10 12:21:51.304 TrackID: 4062350636;;NO_ELECTRONICO;;http://lvaindices1910.acepta.com/v01/0000000_1721614177_1012181418_154039997_?k=98b8e92fce86e740d82d52fa6452de54;;;;;09-11-2019;;;;
33;factura_electronica;15313;  76.379.570-5;  99.003.000-6;COMPANIA DE SEGUROS DE VIDA CAMARA S.A.;10-10-2019 12:17;09-10-2019;140327;0;26662;166989;;10-10-2019 12:19;ACEPTADO_POR_EL_SII;2019-10-10 12:19:49.848 TrackID: 4062340934;10-10-2019 12:25;ACEPTADO_CON_RECEPCION_TECNICA;Emite: recepciondte_vidacamara@azuriandte.com Glosa: Recibido OK. Documento Recibido por el SII. Datos Coinciden con los Registrados. (0);http://lvaindices1910.acepta.com/v01/0000000_1721614177_1012173717_154039976_?k=98b8e92fce86e740d82d52fa6452de54;;;Crédito;;09-11-2019;;;;
33;factura_electronica;15312;  76.379.570-5;  99.003.000-6;COMPANIA DE SEGUROS DE VIDA CAMARA S.A.;10-10-2019 12:15;09-10-2019;1122614;0;213297;1335911;[ ];10-10-2019 12:19;ACEPTADO_POR_EL_SII;2019-10-10 12:19:49.848 TrackID: 4062340934;10-10-2019 12:25;ACEPTADO_CON_RECEPCION_TECNICA;Emite: recepciondte_vidacamara@azuriandte.com Glosa: Recibido OK. Documento Recibido por el SII. Datos Coinciden con los Registrados. (0);http://lvaindices1910.acepta.com/v01/0000000_1721614177_1012155315_154039906_?k=98b8e92fce86e740d82d52fa6452de54;;;Crédito;;09-11-2019;;;;
33;factura_electronica;15311;  76.379.570-5;  99.279.000-8;EUROAMERICA SEGUROS DE VIDA S A;10-10-2019 11:35;09-10-2019;841961;0;159973;1001934;;10-10-2019 11:37;ENVIADO_AL_SII;2019-10-10 11:37:19.578 TrackID: 4062156922;;;;http://lvaindices1910.acepta.com/v01/0000000_1721614177_1011351735_154039273_?k=98b8e92fce86e740d82d52fa6452de54;;;;;09-11-2019;;;;
33;factura_electronica;15310;  76.379.570-5;  99.279.000-8;EUROAMERICA SEGUROS DE VIDA S A;10-10-2019 11:35;09-10-2019;420980;0;79986;500966;;10-10-2019 11:37;ENVIADO_AL_SII;2019-10-10 11:37:19.578 TrackID: 4062156922;;;;http://lvaindices1910.acepta.com/v01/0000000_1721614177_1011351435_154039272_?k=98b8e92fce86e740d82d52fa6452de54;;;;;09-11-2019;;;;
33;factura_electronica;15309;  76.379.570-5;  99.289.000-2;METLIFE CHILE SEGUROS DE VIDA S.A.;10-10-2019 11:20;09-10-2019;1262941;0;239959;1502900;[ ];10-10-2019 11:23;ACEPTADO_POR_EL_SII;2019-10-10 11:23:07.216 TrackID: 4062087820;10-10-2019 11:25;ACEPTADO_CON_RECEPCION_TECNICA;Emite: dteprov@metlife.cl Glosa: DTE Recibido OK (0);http://lvaindices1910.acepta.com/v01/0000000_1721614177_1011202620_154039140_?k=98b8e92fce86e740d82d52fa6452de54;;;;;09-11-2019;;;;
33;factura_electronica;15308;  76.379.570-5;  99.289.000-2;METLIFE CHILE SEGUROS DE VIDA S.A.;10-10-2019 11:20;09-10-2019;280654;0;53324;333978;;10-10-2019 11:23;ACEPTADO_POR_EL_SII;2019-10-10 11:23:07.216 TrackID: 4062087820;10-10-2019 11:25;ACEPTADO_CON_RECEPCION_TECNICA;Emite: dteprov@metlife.cl Glosa: DTE Recibido OK (0);http://lvaindices1910.acepta.com/v01/0000000_1721614177_1011202420_154039139_?k=98b8e92fce86e740d82d52fa6452de54;;;;;09-11-2019;;;;
33;factura_electronica;15307;  76.379.570-5;  99.289.000-2;METLIFE CHILE SEGUROS DE VIDA S.A.;10-10-2019 11:20;09-10-2019;701634;0;133310;834944;[ ];10-10-2019 11:23;ACEPTADO_POR_EL_SII;2019-10-10 11:23:07.216 TrackID: 4062087820;10-10-2019 11:25;ACEPTADO_CON_RECEPCION_TECNICA;Emite: dteprov@metlife.cl Glosa: DTE Recibido OK (0);http://lvaindices1910.acepta.com/v01/0000000_1721614177_1011202120_154039138_?k=98b8e92fce86e740d82d52fa6452de54;;;;;09-11-2019;;;;
33;factura_electronica;15306;  76.379.570-5;  99.289.000-2;METLIFE CHILE SEGUROS DE VIDA S.A.;10-10-2019 11:20;09-10-2019;420980;0;79986;500966;[ ];10-10-2019 11:23;ACEPTADO_POR_EL_SII;2019-10-10 11:23:07.216 TrackID: 4062087820;10-10-2019 11:25;ACEPTADO_CON_RECEPCION_TECNICA;Emite: dteprov@metlife.cl Glosa: DTE Recibido OK (0);http://lvaindices1910.acepta.com/v01/0000000_1721614177_1011201820_154039137_?k=98b8e92fce86e740d82d52fa6452de54;;;;;09-11-2019;;;;
33;factura_electronica;15305;  76.379.570-5;  99.289.000-2;METLIFE CHILE SEGUROS DE VIDA S.A.;10-10-2019 11:20;09-10-2019;140327;0;26662;166989;[ ];10-10-2019 11:23;ACEPTADO_POR_EL_SII;2019-10-10 11:23:07.216 TrackID: 4062087820;10-10-2019 11:25;ACEPTADO_CON_RECEPCION_TECNICA;Emite: dteprov@metlife.cl Glosa: DTE Recibido OK (0);http://lvaindices1910.acepta.com/v01/0000000_1721614177_1011201420_154039134_?k=98b8e92fce86e740d82d52fa6452de54;;;;;09-11-2019;;;;
33;factura_electronica;15304;  76.379.570-5;  77.622.740-4;LARRAIN VIAL SERVICIOS PROFESIONALES LIMITADA;10-10-2019 11:14;09-10-2019;336784;0;63989;400773;[ ];10-10-2019 11:18;ACEPTADO_POR_EL_SII;2019-10-10 11:18:00.44 TrackID: 4062058666;10-10-2019 11:56;ACEPTADO_CON_RECEPCION_TECNICA;Emite: lvprofesionalesrecepcion@custodium.com Glosa: Envio Recibido Conforme (0);http://lvaindices1910.acepta.com/v01/0000000_1721614177_1011144014_154039047_?k=98b8e92fce86e740d82d52fa6452de54;;;;;09-11-2019;;;;
33;factura_electronica;15303;  76.379.570-5;  76.017.206-5;GFI BROKERS (CHILE) AGENTES DE VALORES SPA.;10-10-2019 11:14;09-10-2019;841961;0;159973;1001934;[ ];10-10-2019 11:18;ACEPTADO_POR_EL_SII;2019-10-10 11:18:00.44 TrackID: 4062058666;10-10-2019 11:22;ACEPTADO_CON_RECEPCION_TECNICA;Emite: 76017206-5@prd.inbox.febos.cl Glosa: DTE Recibido OK (0);http://lvaindices1910.acepta.com/v01/0000000_1721614177_1011143814_154039042_?k=98b8e92fce86e740d82d52fa6452de54;;;;;09-11-2019;;;;
33;factura_electronica;15302;  76.379.570-5;  76.513.692-K;CG SERVICIOS FINANCIEROS LIMITADA;10-10-2019 11:14;09-10-2019;477111;0;90651;567762;[ ];10-10-2019 11:18;ACEPTADO_POR_EL_SII;2019-10-10 11:18:00.44 TrackID: 4062058666;10-10-2019 11:50;ACEPTADO_CON_RECEPCION_TECNICA;Emite: intercambio@dtebcn.cl Glosa: ACUSE RECIBO AUTOMATICO (0);http://lvaindices1910.acepta.com/v01/0000000_1721614177_1011143414_154039037_?k=98b8e92fce86e740d82d52fa6452de54;;;;;09-11-2019;;;;
33;factura_electronica;15301;  76.379.570-5;  96.551.730-8;BOLSA ELECTRONICA DE CHILE, BOLSA DE VALORES;10-10-2019 11:14;09-10-2019;196457;0;37327;233784;[ ];10-10-2019 11:18;ACEPTADO_POR_EL_SII;2019-10-10 11:18:00.44 TrackID: 4062058666;10-10-2019 11:18;ENVIADO_POR_INTERCAMBIO;Recibe: dte@bolchile.cl;http://lvaindices1910.acepta.com/v01/0000000_1721614177_1011143114_154039035_?k=98b8e92fce86e740d82d52fa6452de54;;;;;09-11-2019;;;;
33;factura_electronica;15300;  76.379.570-5;  99.024.000-0;Receptor no Electronico;10-10-2019 11:14;09-10-2019;196457;0;37327;233784;[ ];10-10-2019 11:18;ACEPTADO_POR_EL_SII;2019-10-10 11:18:00.44 TrackID: 4062058666;;NO_ELECTRONICO;;http://lvaindices1910.acepta.com/v01/0000000_1721614177_1011142914_154039034_?k=98b8e92fce86e740d82d52fa6452de54;;;;;09-11-2019;;;;
33;factura_electronica;15299;  76.379.570-5;  96.837.640-3;BNP PARIBAS CARDIF SEGUROS GENERALES S.A.;10-10-2019 11:14;09-10-2019;238555;0;45325;283880;[ ];10-10-2019 11:18;ACEPTADO_POR_EL_SII;2019-10-10 11:18:00.44 TrackID: 4062058666;10-10-2019 11:20;ACEPTADO_CON_RECEPCION_TECNICA;Emite: grales@facturacion.cardif.cl Glosa: DTE Recibido OK (0);http://lvaindices1910.acepta.com/v01/0000000_1721614177_1011142614_154039033_?k=98b8e92fce86e740d82d52fa6452de54;;;;;09-11-2019;;;;
33;factura_electronica;15298;  76.379.570-5;  94.716.000-1;RENTA NACIONAL CIA DE SEGUROS DE VIDA S A;10-10-2019 11:14;09-10-2019;631470;0;119979;751449;[ ];10-10-2019 11:18;ACEPTADO_POR_EL_SII;2019-10-10 11:18:00.44 TrackID: 4062058666;10-10-2019 11:22;ACEPTADO_CON_RECEPCION_TECNICA;Emite: rentavida_dte@paperless.cl Glosa: DTE Recibido OK (0);http://lvaindices1910.acepta.com/v01/0000000_1721614177_1011142314_154039031_?k=98b8e92fce86e740d82d52fa6452de54;;;;;09-11-2019;;;;
33;factura_electronica;15297;  76.379.570-5;  70.015.580-3;INSTITUTO DE SEGURIDAD DEL TRABAJO;10-10-2019 11:14;09-10-2019;196457;0;37327;233784;[ ];10-10-2019 11:18;ACEPTADO_POR_EL_SII;2019-10-10 11:18:00.44 TrackID: 4062058666;10-10-2019 11:48;ACEPTADO_CON_RECEPCION_TECNICA;Emite: intercambio_sii@ist.cl Glosa: DTE Recibido OK (0);http://lvaindices1910.acepta.com/v01/0000000_1721614177_1011142014_154039026_?k=98b8e92fce86e740d82d52fa6452de54;;;;;09-11-2019;;;;
33;factura_electronica;15296;  76.379.570-5;  60.818.000-1;Receptor no Electronico;10-10-2019 11:14;09-10-2019;2245228;0;426593;2671821;[ ];10-10-2019 11:18;ACEPTADO_POR_EL_SII;2019-10-10 11:18:00.44 TrackID: 4062058666;;NO_ELECTRONICO;;http://lvaindices1910.acepta.com/v01/0000000_1721614177_1011141714_154039024_?k=98b8e92fce86e740d82d52fa6452de54;;;;;09-11-2019;;;;
33;factura_electronica;15295;  76.379.570-5;  96.571.890-7;COMPANIA DE SEGUROS CONFUTURO S.A.;10-10-2019 11:14;09-10-2019;561307;0;106648;667955;[ ];10-10-2019 11:18;ACEPTADO_POR_EL_SII;2019-10-10 11:18:00.44 TrackID: 4062058666;10-10-2019 11:20;ENTREGA_DE_DTE_POR_INTERCAMBIO_EXITOSA;Receptor: recepcion-dte3@blueline.cl Entrega: Retransmitida Estado: 2.0.0 Servidor Informante:  smtp-05.custodium.com Servidor Remoto:  ASPMX2.GOOGLEMAIL.COM Codigo de Respuesta:  250 2.0.0 OK  1570717128 q41si5809129pja.52 - gsmtp.;http://lvaindices1910.acepta.com/v01/0000000_1721614177_1011141414_154039022_?k=98b8e92fce86e740d82d52fa6452de54;;;;;09-11-2019;;;;
33;factura_electronica;15294;  76.379.570-5;  96.588.080-1;PRINCIPAL COMPANIA DE SEGUROS DE VIDA CHILE S A;10-10-2019 11:13;09-10-2019;140327;0;26662;166989;[ ];10-10-2019 11:18;ACEPTADO_POR_EL_SII;2019-10-10 11:18:00.44 TrackID: 4062058666;10-10-2019 11:20;ACEPTADO_CON_RECEPCION_TECNICA;Emite: pfg_pvida@artikos.cl Glosa: Env\303\255o Recibido Conforme. (0);http://lvaindices1910.acepta.com/v01/0000000_1721614177_1011134113_154039011_?k=98b8e92fce86e740d82d52fa6452de54;;;Crédito;;09-11-2019;;;;
110;factura_exportacion;1304;  76.379.570-5;  55.555.555-5;Receptor no Electronico;09-10-2019 20:16;09-10-2019;0;21000;0;21000;;09-10-2019 20:20;ACEPTADO_POR_EL_SII;2019-10-09 20:20:05.545 TrackID: 4060882776;;NO_ELECTRONICO;;http://lvaindices1910.acepta.com/v01/0000000_1721614177_0920162816_154034736_?k=98b8e92fce86e740d82d52fa6452de54;"[{""Nro.Ref"":""1"",""Tipo"":""803"",""Folio"":""1"",""Fecha"":""2017-06-01"",""Razon Ref"":""""}]";3;;;09-11-2019;;;;
112;nota_credito_exportacion;64;  76.379.570-5;  55.555.555-5;Receptor no Electronico;09-10-2019 20:12;09-10-2019;0;6000;0;6000;;09-10-2019 20:15;ACEPTADO_CON_REPAROS_POR_EL_SII;2019-10-09 20:15:58.602 TrackID: 4060877770 Estado: RPR - DTE Aceptado con Reparos Detalle:  (REF-2-826) REPARO- Export.: Falta la Resolución del SNA;;NO_ELECTRONICO;;http://lvaindices1910.acepta.com/v01/0000000_1721614177_0920123912_154034725_?k=98b8e92fce86e740d82d52fa6452de54;"[{""Nro.Ref"":""1"",""Tipo"":""110"",""Folio"":""1302"",""Fecha"":""2019-10-09"",""Razon Ref"":""Anula Documento: Duplicado"",""CodRef"":""1""}]";3;;;09-11-2019;;;;
110;factura_exportacion;1303;  76.379.570-5;  55.555.555-5;Receptor no Electronico;09-10-2019 20:06;09-10-2019;0;12240;0;12240;;09-10-2019 20:08;ACEPTADO_POR_EL_SII;2019-10-09 20:08:45.082 TrackID: 4060867942;;NO_ELECTRONICO;;http://lvaindices1910.acepta.com/v01/0000000_1721614177_0920060306_154034712_?k=98b8e92fce86e740d82d52fa6452de54;"[{""Nro.Ref"":""1"",""Tipo"":""803"",""Folio"":""1"",""Fecha"":""2019-08-05"",""Razon Ref"":""""}]";3;;;09-11-2019;;;;
110;factura_exportacion;1302;  76.379.570-5;  55.555.555-5;Receptor no Electronico;09-10-2019 19:58;09-10-2019;0;6000;0;6000;;09-10-2019 20:02;ACEPTADO_POR_EL_SII;2019-10-09 20:02:31.377 TrackID: 4060854260;;NO_ELECTRONICO;;http://lvaindices1910.acepta.com/v01/0000000_1721614177_0919580058_154034695_?k=98b8e92fce86e740d82d52fa6452de54;;3;;;09-11-2019;;;;
33;factura_electronica;15293;  76.379.570-5;  80.962.600-8;TANNER CORREDORES DE BOLSA S A;09-10-2019 19:45;09-10-2019;2000000;0;380000;2380000;;09-10-2019 19:48;ACEPTADO_POR_EL_SII;2019-10-09 19:48:47.512 TrackID: 4060832548;09-10-2019 19:51;ENTREGA_DE_DTE_POR_INTERCAMBIO_EXITOSA;Receptor: 809626008dte@mail.bcs.cl Entrega: Retransmitida Estado: 2.0.0 Servidor Informante:  smtp-05.custodium.com Servidor Remoto:  mailcleaner.zboxapp.com Codigo de Respuesta:  250 OK id=1iIKnO-00019q-M1.;http://lvaindices1910.acepta.com/v01/0000000_1721614177_0919455345_154034672_?k=98b8e92fce86e740d82d52fa6452de54;;;Crédito;;09-11-2019;;;;
33;factura_electronica;15292;  76.379.570-5;  80.962.600-8;TANNER CORREDORES DE BOLSA S A;09-10-2019 19:44;09-10-2019;982287;0;186635;1168922;[ ];09-10-2019 19:48;ACEPTADO_POR_EL_SII;2019-10-09 19:48:47.512 TrackID: 4060832548;09-10-2019 19:51;ENTREGA_DE_DTE_POR_INTERCAMBIO_EXITOSA;Receptor: 809626008dte@mail.bcs.cl Entrega: Retransmitida Estado: 2.0.0 Servidor Informante:  smtp-05.custodium.com Servidor Remoto:  mailcleaner.zboxapp.com Codigo de Respuesta:  250 OK id=1iIKnO-00019q-M1.;http://lvaindices1910.acepta.com/v01/0000000_1721614177_0919444444_154034670_?k=98b8e92fce86e740d82d52fa6452de54;;;Crédito;;09-11-2019;;;;
33;factura_electronica;15291;  76.379.570-5;  84.177.300-4;BTG PACTUAL CHILE SA CORREDORES DE BOLSA;09-10-2019 19:39;09-10-2019;1122614;0;213297;1335911;[ ];09-10-2019 19:42;ACEPTADO_POR_EL_SII;2019-10-09 19:42:43.884 TrackID: 4060824216;09-10-2019 20:01;ACEPTADO_CON_RECEPCION_TECNICA;Emite: btgpactualrecepcion@custodium.com Glosa: Envio Recibido Conforme (0);http://lvaindices1910.acepta.com/v01/0000000_1721614177_0919391839_154034617_?k=98b8e92fce86e740d82d52fa6452de54;;;;;09-11-2019;;;;
33;factura_electronica;15290;  76.379.570-5;  84.177.300-4;BTG PACTUAL CHILE SA CORREDORES DE BOLSA;09-10-2019 19:39;09-10-2019;280654;0;53324;333978;[ ];09-10-2019 19:42;ACEPTADO_POR_EL_SII;2019-10-09 19:42:43.884 TrackID: 4060824216;09-10-2019 20:07;ACEPTADO_CON_RECEPCION_TECNICA;Emite: btgpactualrecepcion@custodium.com Glosa: Envio Recibido Conforme (0);http://lvaindices1910.acepta.com/v01/0000000_1721614177_0919391439_154034616_?k=98b8e92fce86e740d82d52fa6452de54;;;;;09-11-2019;;;;
33;factura_electronica;15289;  76.379.570-5;  96.515.580-5;VALORES SECURITY S A CORREDORES DE BOLSA;09-10-2019 19:35;09-10-2019;280654;0;53324;333978;[ ];09-10-2019 19:39;ACEPTADO_POR_EL_SII;2019-10-09 19:39:37.969 TrackID: 4060817618;10-10-2019 11:50;ACEPTADO_CON_NOTIFICACION_COMERCIAL;Emite: vls_dte@paperless.cl Glosa: Documento aprobado comercialmente (0);http://lvaindices1910.acepta.com/v01/0000000_1721614177_0919353635_154034607_?k=98b8e92fce86e740d82d52fa6452de54;;;;;09-11-2019;;;;
33;factura_electronica;15288;  76.379.570-5;  80.537.000-9;LARRAIN VIAL SA CORREDORA DE BOLSA;09-10-2019 19:35;09-10-2019;280654;0;53324;333978;;09-10-2019 19:39;ACEPTADO_POR_EL_SII;2019-10-09 19:39:37.969 TrackID: 4060817618;09-10-2019 20:05;ACEPTADO_CON_RECEPCION_TECNICA;Emite: larrainvialcdbrecepcion@custodium.com Glosa: Envio Recibido Conforme (0);http://lvaindices1910.acepta.com/v01/0000000_1721614177_0919353335_154034605_?k=98b8e92fce86e740d82d52fa6452de54;;;;;09-11-2019;;;;
33;factura_electronica;15287;  76.379.570-5;  96.899.230-9;EUROAMERICA CORREDORES DE BOLSA S A;09-10-2019 19:35;09-10-2019;2806535;0;533242;3339777;[ ];09-10-2019 19:39;ACEPTADO_POR_EL_SII;2019-10-09 19:39:37.969 TrackID: 4060817618;09-10-2019 19:45;ENTREGA_DE_DTE_POR_INTERCAMBIO_EXITOSA;Receptor: 968992309pro@mail.bcs.cl Entrega: Retransmitida Estado: 2.0.0 Servidor Informante:  smtp-05.custodium.com Servidor Remoto:  mailcleaner.zboxapp.com Codigo de Respuesta:  250 OK id=1iIKhP-0000aN-4N.;http://lvaindices1910.acepta.com/v01/0000000_1721614177_0919352935_154034604_?k=98b8e92fce86e740d82d52fa6452de54;;;;;09-11-2019;;;;
33;factura_electronica;15286;  76.379.570-5;  96.564.330-3;BANCOESTADO SA CORREDORES DE BOLSA;09-10-2019 19:35;09-10-2019;589372;0;111981;701353;;09-10-2019 19:39;ACEPTADO_POR_EL_SII;2019-10-09 19:39:37.969 TrackID: 4060817618;09-10-2019 19:46;ACEPTADO_CON_RECEPCION_TECNICA;Emite: 965643303pro@mail.bcs.cl Glosa: Envio Recibido Conforme (0);http://lvaindices1910.acepta.com/v01/0000000_1721614177_0919352635_154034603_?k=98b8e92fce86e740d82d52fa6452de54;;;;;09-11-2019;;;;
33;factura_electronica;15285;  76.379.570-5;  76.245.069-0;STF AGENTE DE VALORES SPA;09-10-2019 19:35;09-10-2019;140327;0;26662;166989;[ ];09-10-2019 19:39;ACEPTADO_POR_EL_SII;2019-10-09 19:39:37.969 TrackID: 4060817618;09-10-2019 19:46;ACEPTADO_CON_RECEPCION_TECNICA;Emite: inbox@cloud.gdexpress.cl Glosa: DTE Recibido OK (0);http://lvaindices1910.acepta.com/v01/0000000_1721614177_0919352235_154034601_?k=98b8e92fce86e740d82d52fa6452de54;;;;;09-11-2019;;;;
33;factura_electronica;15284;  76.379.570-5;  96.489.000-5;CREDICORP CAPITAL S.A. CORREDORES DE BOLSA;09-10-2019 19:35;09-10-2019;252588;0;47992;300580;[ ];09-10-2019 19:39;ACEPTADO_POR_EL_SII;2019-10-09 19:39:37.969 TrackID: 4060817618;09-10-2019 19:44;ENTREGA_DE_DTE_POR_INTERCAMBIO_EXITOSA;Receptor: 964890005pro@mail.bcs.cl Entrega: Retransmitida Estado: 2.0.0 Servidor Informante:  smtp-05.custodium.com Servidor Remoto:  mailcleaner.zboxapp.com Codigo de Respuesta:  250 OK id=1iIKhP-0000aO-5S.;http://lvaindices1910.acepta.com/v01/0000000_1721614177_0919351835_154034599_?k=98b8e92fce86e740d82d52fa6452de54;;;;;09-11-2019;;;;
33;factura_electronica;15283;  76.379.570-5;  96.772.490-4;CONSORCIO CORREDORES DE BOLSA S A;09-10-2019 19:35;09-10-2019;954222;0;181302;1135524;[ ];09-10-2019 19:39;ACEPTADO_POR_EL_SII;2019-10-09 19:39:37.969 TrackID: 4060817618;09-10-2019 19:53;ACEPTADO_CON_RECEPCION_TECNICA;Emite: consorciocorredores@enternet.cl Glosa: Envio Recibido Conforme (0);http://lvaindices1910.acepta.com/v01/0000000_1721614177_0919351435_154034597_?k=98b8e92fce86e740d82d52fa6452de54;;;;;09-11-2019;;;;
33;factura_electronica;15282;  76.379.570-5;  96.836.390-5;BANCOESTADO S A ADMINISTRADORA GENERAL DE FONDOS;09-10-2019 19:30;09-10-2019;112261;0;21330;133591;[ ];09-10-2019 19:34;ACEPTADO_POR_EL_SII;2019-10-09 19:34:32.785 TrackID: 4060809148;09-10-2019 20:10;ACEPTADO_CON_RECEPCION_TECNICA;Emite: compras.beagf@bancoestado.cl Glosa: DTE Recibido OK (0);http://lvaindices1910.acepta.com/v01/0000000_1721614177_0919302130_154034587_?k=98b8e92fce86e740d82d52fa6452de54;;;;;09-11-2019;;;;
33;factura_electronica;15281;  76.379.570-5;  96.836.390-5;BANCOESTADO S A ADMINISTRADORA GENERAL DE FONDOS;09-10-2019 19:30;09-10-2019;140327;0;26662;166989;[ ];09-10-2019 19:34;ACEPTADO_POR_EL_SII;2019-10-09 19:34:32.785 TrackID: 4060809148;09-10-2019 20:10;ACEPTADO_CON_RECEPCION_TECNICA;Emite: compras.beagf@bancoestado.cl Glosa: DTE Recibido OK (0);http://lvaindices1910.acepta.com/v01/0000000_1721614177_0919301730_154034586_?k=98b8e92fce86e740d82d52fa6452de54;;;;;09-11-2019;;;;
33;factura_electronica;15280;  76.379.570-5;  96.836.390-5;BANCOESTADO S A ADMINISTRADORA GENERAL DE FONDOS;09-10-2019 19:30;09-10-2019;1683921;0;319945;2003866;[ ];09-10-2019 19:34;ACEPTADO_POR_EL_SII;2019-10-09 19:34:32.785 TrackID: 4060809148;09-10-2019 20:10;ACEPTADO_CON_RECEPCION_TECNICA;Emite: compras.beagf@bancoestado.cl Glosa: DTE Recibido OK (0);http://lvaindices1910.acepta.com/v01/0000000_1721614177_0919301430_154034585_?k=98b8e92fce86e740d82d52fa6452de54;;;;;09-11-2019;;;;
33;factura_electronica;15279;  76.379.570-5;  96.815.680-2;SCOTIA AZUL ASSET MANAGEMENT ADMINISTRADORA GENERAL DE FONDOS S.A.;09-10-2019 19:18;09-10-2019;280654;0;53324;333978;[ ];09-10-2019 19:22;ACEPTADO_POR_EL_SII;2019-10-09 19:21:58.25 TrackID: 4060787322;09-10-2019 19:53;ACEPTADO_CON_RECEPCION_TECNICA;Emite: dte.cl@einvoicing.signature-cloud.com Glosa: DTE Recibido OK (0);http://lvaindices1910.acepta.com/v01/0000000_1721614177_0919181818_154034557_?k=98b8e92fce86e740d82d52fa6452de54;;;;;09-11-2019;;;;
33;factura_electronica;15278;  76.379.570-5;  96.815.680-2;SCOTIA AZUL ASSET MANAGEMENT ADMINISTRADORA GENERAL DE FONDOS S.A.;09-10-2019 19:18;09-10-2019;926157;0;175970;1102127;[ ];09-10-2019 19:22;ACEPTADO_POR_EL_SII;2019-10-09 19:21:58.25 TrackID: 4060787322;09-10-2019 19:48;ACEPTADO_CON_RECEPCION_TECNICA;Emite: dte.cl@einvoicing.signature-cloud.com Glosa: DTE Recibido OK (0);http://lvaindices1910.acepta.com/v01/0000000_1721614177_0919181418_154034556_?k=98b8e92fce86e740d82d52fa6452de54;;;;;09-11-2019;;;;
33;factura_electronica;15277;  76.379.570-5;  99.580.930-3;ZURICH ADMINISTRADORA GENERAL DE FONDOS S A;09-10-2019 19:16;09-10-2019;841961;0;159973;1001934;[ ];09-10-2019 19:20;ACEPTADO_POR_EL_SII;2019-10-09 19:19:57.205 TrackID: 4060784024;09-10-2019 19:27;ACEPTADO_CON_RECEPCION_TECNICA;Emite: dte_zurichagf@artikos.cl Glosa: Env\303\255o Recibido Conforme. (0);http://lvaindices1910.acepta.com/v01/0000000_1721614177_0919161916_154034546_?k=98b8e92fce86e740d82d52fa6452de54;;;;;09-11-2019;;;;
33;factura_electronica;15276;  76.379.570-5;  99.580.930-3;ZURICH ADMINISTRADORA GENERAL DE FONDOS S A;09-10-2019 19:16;09-10-2019;182425;0;34661;217086;[ ];09-10-2019 19:19;ACEPTADO_POR_EL_SII;2019-10-09 19:19:57.205 TrackID: 4060784024;09-10-2019 19:27;ACEPTADO_CON_RECEPCION_TECNICA;Emite: dte_zurichagf@artikos.cl Glosa: Env\303\255o Recibido Conforme. (0);http://lvaindices1910.acepta.com/v01/0000000_1721614177_0919161516_154034541_?k=98b8e92fce86e740d82d52fa6452de54;;;;;09-11-2019;;;;
33;factura_electronica;15275;  76.379.570-5;  96.639.280-0;ADMINISTRADORA GENERAL DE FONDOS SECURITY S A;09-10-2019 19:10;09-10-2019;561307;0;106648;667955;;09-10-2019 19:13;ACEPTADO_POR_EL_SII;2019-10-09 19:13:50.646 TrackID: 4060773782;09-10-2019 19:15;ACEPTADO_CON_RECEPCION_TECNICA;Emite: fms_dte@paperless.cl Glosa: DTE No Recibido - Otros: Envio Rechazado - Error de Schema (99);http://lvaindices1910.acepta.com/v01/0000000_1721614177_0919101810_154034518_?k=98b8e92fce86e740d82d52fa6452de54;;;;;09-11-2019;;;;
33;factura_electronica;15274;  76.379.570-5;  96.639.280-0;ADMINISTRADORA GENERAL DE FONDOS SECURITY S A;09-10-2019 19:10;09-10-2019;701634;0;133310;834944;;09-10-2019 19:13;ACEPTADO_POR_EL_SII;2019-10-09 19:13:50.646 TrackID: 4060773782;09-10-2019 19:15;ACEPTADO_CON_RECEPCION_TECNICA;Emite: fms_dte@paperless.cl Glosa: DTE No Recibido - Otros: Envio Rechazado - Error de Schema (99);http://lvaindices1910.acepta.com/v01/0000000_1721614177_0919101410_154034516_?k=98b8e92fce86e740d82d52fa6452de54;;;;;09-11-2019;;;;
33;factura_electronica;15273;  76.379.570-5;  96.667.040-1;SANTANDER ASSET MANAGEMENT S A ADMINISTRADORA GENERAL DE FONDOS;09-10-2019 19:08;09-10-2019;1740052;0;330610;2070662;[ ];09-10-2019 19:11;ACEPTADO_POR_EL_SII;2019-10-09 19:11:46.539 TrackID: 4060769806;09-10-2019 19:17;ACEPTADO_CON_RECEPCION_TECNICA;Emite: recepciondte_agfondos@santandersantiago.cl Glosa: DTE No Recibido - Otros (99);http://lvaindices1910.acepta.com/v01/0000000_1721614177_0919082508_154034512_?k=98b8e92fce86e740d82d52fa6452de54;;;;;09-11-2019;;;;
33;factura_electronica;15272;  76.379.570-5;  96.667.040-1;SANTANDER ASSET MANAGEMENT S A ADMINISTRADORA GENERAL DE FONDOS;09-10-2019 19:08;09-10-2019;3367842;0;639890;4007732;[ ];09-10-2019 19:11;ACEPTADO_POR_EL_SII;2019-10-09 19:11:46.539 TrackID: 4060769806;09-10-2019 19:15;ACEPTADO_CON_RECEPCION_TECNICA;Emite: recepciondte_agfondos@santandersantiago.cl Glosa: DTE No Recibido - Otros (99);http://lvaindices1910.acepta.com/v01/0000000_1721614177_0919082208_154034511_?k=98b8e92fce86e740d82d52fa6452de54;;;;;09-11-2019;;;;
33;factura_electronica;15271;  76.379.570-5;  96.667.040-1;SANTANDER ASSET MANAGEMENT S A ADMINISTRADORA GENERAL DE FONDOS;09-10-2019 19:08;09-10-2019;168392;0;31994;200386;[ ];09-10-2019 19:11;ACEPTADO_POR_EL_SII;2019-10-09 19:11:46.539 TrackID: 4060769806;09-10-2019 19:19;ACEPTADO_CON_RECEPCION_TECNICA;Emite: recepciondte_agfondos@santandersantiago.cl Glosa: DTE Recibido OK (0);http://lvaindices1910.acepta.com/v01/0000000_1721614177_0919081808_154034510_?k=98b8e92fce86e740d82d52fa6452de54;;;;;09-11-2019;;;;
33;factura_electronica;15270;  76.379.570-5;  96.667.040-1;SANTANDER ASSET MANAGEMENT S A ADMINISTRADORA GENERAL DE FONDOS;09-10-2019 19:08;09-10-2019;701634;0;133310;834944;[ ];09-10-2019 19:11;ACEPTADO_POR_EL_SII;2019-10-09 19:11:46.539 TrackID: 4060769806;09-10-2019 19:19;ACEPTADO_CON_RECEPCION_TECNICA;Emite: recepciondte_agfondos@santandersantiago.cl Glosa: DTE Recibido OK (0);http://lvaindices1910.acepta.com/v01/0000000_1721614177_0919081408_154034509_?k=98b8e92fce86e740d82d52fa6452de54;;;;;09-11-2019;;;;
33;factura_electronica;15269;  76.379.570-5;  91.999.000-7;PRINCIPAL ADMINISTRADORA GENERAL DE FONDOS S A;09-10-2019 19:00;09-10-2019;280654;0;53324;333978;;09-10-2019 19:03;ACEPTADO_POR_EL_SII;2019-10-09 19:03:37.463 TrackID: 4060754348;09-10-2019 19:07;ACEPTADO_CON_RECEPCION_TECNICA;Emite: pfg_agf@artikos.cl Glosa: Env\303\255o Recibido Conforme. (0);http://lvaindices1910.acepta.com/v01/0000000_1721614177_0919002100_154034483_?k=98b8e92fce86e740d82d52fa6452de54;;;;;09-11-2019;;;;
33;factura_electronica;15268;  76.379.570-5;  91.999.000-7;PRINCIPAL ADMINISTRADORA GENERAL DE FONDOS S A;09-10-2019 19:00;09-10-2019;280654;0;53324;333978;[ ];09-10-2019 19:03;ACEPTADO_POR_EL_SII;2019-10-09 19:03:37.463 TrackID: 4060754348;09-10-2019 19:07;ACEPTADO_CON_RECEPCION_TECNICA;Emite: pfg_agf@artikos.cl Glosa: Env\303\255o Recibido Conforme. (0);http://lvaindices1910.acepta.com/v01/0000000_1721614177_0919001800_154034481_?k=98b8e92fce86e740d82d52fa6452de54;;;;;09-11-2019;;;;
33;factura_electronica;15267;  76.379.570-5;  91.999.000-7;PRINCIPAL ADMINISTRADORA GENERAL DE FONDOS S A;09-10-2019 19:00;09-10-2019;561307;0;106648;667955;[ ];09-10-2019 19:03;ACEPTADO_POR_EL_SII;2019-10-09 19:03:37.463 TrackID: 4060754348;09-10-2019 19:07;ACEPTADO_CON_RECEPCION_TECNICA;Emite: pfg_agf@artikos.cl Glosa: Env\303\255o Recibido Conforme. (0);http://lvaindices1910.acepta.com/v01/0000000_1721614177_0919001500_154034478_?k=98b8e92fce86e740d82d52fa6452de54;;;;;09-11-2019;;;;
33;factura_electronica;15266;  76.379.570-5;  76.007.631-7;NEVASA S.A.;09-10-2019 18:54;09-10-2019;748503;0;142216;890719;;09-10-2019 18:57;ACEPTADO_POR_EL_SII;2019-10-09 18:57:19.801 TrackID: 4060739968;09-10-2019 19:01;ENTREGA_DE_DTE_POR_INTERCAMBIO_EXITOSA;Receptor: dte@nevasa.cl Entrega: Retransmitida Estado: 2.0.0 Servidor Informante:  smtp-05.custodium.com Servidor Remoto:  mx1.proredesmail.com Codigo de Respuesta:  250 Ok: queued as D10F5E6051.;http://lvaindices1910.acepta.com/v01/0000000_1721614177_0918542054_154034407_?k=98b8e92fce86e740d82d52fa6452de54;;;;;09-11-2019;;;;
33;factura_electronica;15265;  76.379.570-5;  76.034.728-0;NEVASA HMC S.A. ADMINISTRADORA GENERAL DE FONDOS;09-10-2019 18:54;09-10-2019;374111;0;71081;445192;;09-10-2019 18:57;ACEPTADO_POR_EL_SII;2019-10-09 18:57:19.801 TrackID: 4060739968;09-10-2019 18:59;ENTREGA_DE_DTE_POR_INTERCAMBIO_EXITOSA;Receptor: dte@nevasa.cl Entrega: Retransmitida Estado: 2.0.0 Servidor Informante:  smtp-05.custodium.com Servidor Remoto:  mx1.proredesmail.com Codigo de Respuesta:  250 Ok: queued as AC3C1E6051.;http://lvaindices1910.acepta.com/v01/0000000_1721614177_0918541654_154034406_?k=98b8e92fce86e740d82d52fa6452de54;;;;;09-11-2019;;;;
33;factura_electronica;15264;  76.379.570-5;  76.173.632-9;SENSOR CAPITAL S.A. ADMINISTRADORA GENERAL DE FONDOS;09-10-2019 18:45;09-10-2019;84196;0;15997;100193;[ ];09-10-2019 18:49;ACEPTADO_POR_EL_SII;2019-10-09 18:49:12.174 TrackID: 4060716922;09-10-2019 23:56;ACEPTADO_CON_RECEPCION_TECNICA;Emite: FacturacionMIPYME@sii.cl Glosa: DSR-DTE Recibido Sin Reparos (0);http://lvaindices1910.acepta.com/v01/0000000_1721614177_0918452845_154034341_?k=98b8e92fce86e740d82d52fa6452de54;;;;;09-11-2019;;;;
33;factura_electronica;15263;  76.379.570-5;  76.810.627-4;FINTUAL ADMINISTRADORA GENERAL DE FONDOS S.A.;09-10-2019 18:45;09-10-2019;336784;0;63989;400773;[ ];09-10-2019 18:49;ACEPTADO_POR_EL_SII;2019-10-09 18:49:12.174 TrackID: 4060716922;09-10-2019 23:56;ACEPTADO_CON_RECEPCION_TECNICA;Emite: FacturacionMIPYME@sii.cl Glosa: DSR-DTE Recibido Sin Reparos (0);http://lvaindices1910.acepta.com/v01/0000000_1721614177_0918452445_154034338_?k=98b8e92fce86e740d82d52fa6452de54;;;;;09-11-2019;;;;
33;factura_electronica;15262;  76.379.570-5;  76.576.607-9;SARTOR ADMINISTRADORA GENERAL DE FONDOS S.A.;09-10-2019 18:45;09-10-2019;140327;0;26662;166989;;09-10-2019 18:49;ACEPTADO_POR_EL_SII;2019-10-09 18:49:12.174 TrackID: 4060716922;09-10-2019 21:34;ACEPTADO_CON_RECEPCION_TECNICA;Emite: FacturacionMIPYME@sii.cl Glosa: DSR-DTE Recibido Sin Reparos (0);http://lvaindices1910.acepta.com/v01/0000000_1721614177_0918452045_154034336_?k=98b8e92fce86e740d82d52fa6452de54;;;;;09-11-2019;;;;
33;factura_electronica;15261;  76.379.570-5;  99.543.100-9;MBI ADMINISTRADORA GENERAL DE FONDOS SOCIEDAD ANONIMA;09-10-2019 18:45;09-10-2019;561307;0;106648;667955;;09-10-2019 18:49;ACEPTADO_POR_EL_SII;2019-10-09 18:49:12.174 TrackID: 4060716922;09-10-2019 18:50;ENTREGA_DE_DTE_POR_INTERCAMBIO_EXITOSA;Receptor: facturacion@mbi.cl Entrega: Retransmitida Estado: 2.0.0 Servidor Informante:  smtp-05.custodium.com Servidor Remoto:  aspmx.l.google.com Codigo de Respuesta:  250 2.0.0 OK  1570657786 oz25si1835055ejb.175 - gsmtp.;http://lvaindices1910.acepta.com/v01/0000000_1721614177_0918451645_154034334_?k=98b8e92fce86e740d82d52fa6452de54;;;;;09-11-2019;;;;
33;factura_electronica;15260;  76.379.570-5;  96.955.500-K;LARRAINVIAL ASSET MANAGEMENT ADMINISTRADORA GENERAL DE FONDOS S.A.;09-10-2019 18:33;09-10-2019;561307;0;106648;667955;[ ];09-10-2019 18:36;ACEPTADO_POR_EL_SII;2019-10-09 18:36:53.438 TrackID: 4060683220;09-10-2019 19:25;ACEPTADO_CON_RECEPCION_TECNICA;Emite: larrainvialagfrecepcion@custodium.com Glosa: Envio Recibido Conforme (0);http://lvaindices1910.acepta.com/v01/0000000_1721614177_0918335633_154034134_?k=98b8e92fce86e740d82d52fa6452de54;;;;;09-11-2019;;;;
33;factura_electronica;15259;  76.379.570-5;  96.955.500-K;LARRAINVIAL ASSET MANAGEMENT ADMINISTRADORA GENERAL DE FONDOS S.A.;09-10-2019 18:33;09-10-2019;140327;0;26662;166989;[ ];09-10-2019 18:36;ACEPTADO_POR_EL_SII;2019-10-09 18:36:53.438 TrackID: 4060683220;09-10-2019 19:32;ACEPTADO_CON_RECEPCION_TECNICA;Emite: larrainvialagfrecepcion@custodium.com Glosa: Envio Recibido Conforme (0);http://lvaindices1910.acepta.com/v01/0000000_1721614177_0918335333_154034132_?k=98b8e92fce86e740d82d52fa6452de54;;;;;09-11-2019;;;;
33;factura_electronica;15258;  76.379.570-5;  96.955.500-K;LARRAINVIAL ASSET MANAGEMENT ADMINISTRADORA GENERAL DE FONDOS S.A.;09-10-2019 18:33;09-10-2019;140327;0;26662;166989;[ ];09-10-2019 18:36;ACEPTADO_POR_EL_SII;2019-10-09 18:36:53.438 TrackID: 4060683220;09-10-2019 19:28;ACEPTADO_CON_RECEPCION_TECNICA;Emite: larrainvialagfrecepcion@custodium.com Glosa: Envio Recibido Conforme (0);http://lvaindices1910.acepta.com/v01/0000000_1721614177_0918334933_154034130_?k=98b8e92fce86e740d82d52fa6452de54;;;;;09-11-2019;;;;
33;factura_electronica;15257;  76.379.570-5;  96.955.500-K;LARRAINVIAL ASSET MANAGEMENT ADMINISTRADORA GENERAL DE FONDOS S.A.;09-10-2019 18:33;09-10-2019;280654;0;53324;333978;[ ];09-10-2019 18:36;ACEPTADO_POR_EL_SII;2019-10-09 18:36:53.438 TrackID: 4060683220;09-10-2019 19:28;ACEPTADO_CON_RECEPCION_TECNICA;Emite: larrainvialagfrecepcion@custodium.com Glosa: Envio Recibido Conforme (0);http://lvaindices1910.acepta.com/v01/0000000_1721614177_0918334633_154034128_?k=98b8e92fce86e740d82d52fa6452de54;;;;;09-11-2019;;;;
33;factura_electronica;15256;  76.379.570-5;  96.955.500-K;LARRAINVIAL ASSET MANAGEMENT ADMINISTRADORA GENERAL DE FONDOS S.A.;09-10-2019 18:33;09-10-2019;561307;0;106648;667955;[ ];09-10-2019 18:36;ACEPTADO_POR_EL_SII;2019-10-09 18:36:53.438 TrackID: 4060683220;09-10-2019 19:28;ACEPTADO_CON_RECEPCION_TECNICA;Emite: larrainvialagfrecepcion@custodium.com Glosa: Envio Recibido Conforme (0);http://lvaindices1910.acepta.com/v01/0000000_1721614177_0918334333_154034127_?k=98b8e92fce86e740d82d52fa6452de54;;;;;09-11-2019;;;;
33;factura_electronica;15255;  76.379.570-5;  96.955.500-K;LARRAINVIAL ASSET MANAGEMENT ADMINISTRADORA GENERAL DE FONDOS S.A.;09-10-2019 18:33;09-10-2019;84196;0;15997;100193;;09-10-2019 18:36;ACEPTADO_POR_EL_SII;2019-10-09 18:36:53.438 TrackID: 4060683220;09-10-2019 19:26;ACEPTADO_CON_RECEPCION_TECNICA;Emite: larrainvialagfrecepcion@custodium.com Glosa: Envio Recibido Conforme (0);http://lvaindices1910.acepta.com/v01/0000000_1721614177_0918334033_154034125_?k=98b8e92fce86e740d82d52fa6452de54;;;;;09-11-2019;;;;
33;factura_electronica;15254;  76.379.570-5;  96.955.500-K;LARRAINVIAL ASSET MANAGEMENT ADMINISTRADORA GENERAL DE FONDOS S.A.;09-10-2019 18:33;09-10-2019;140327;0;26662;166989;[ ];09-10-2019 18:36;ACEPTADO_POR_EL_SII;2019-10-09 18:36:53.438 TrackID: 4060683220;09-10-2019 19:27;ACEPTADO_CON_RECEPCION_TECNICA;Emite: larrainvialagfrecepcion@custodium.com Glosa: Envio Recibido Conforme (0);http://lvaindices1910.acepta.com/v01/0000000_1721614177_0918333633_154034123_?k=98b8e92fce86e740d82d52fa6452de54;;;;;09-11-2019;;;;
33;factura_electronica;15253;  76.379.570-5;  96.955.500-K;LARRAINVIAL ASSET MANAGEMENT ADMINISTRADORA GENERAL DE FONDOS S.A.;09-10-2019 18:33;09-10-2019;841961;0;159973;1001934;[ ];09-10-2019 18:36;ACEPTADO_POR_EL_SII;2019-10-09 18:36:53.438 TrackID: 4060683220;09-10-2019 19:30;ACEPTADO_CON_RECEPCION_TECNICA;Emite: larrainvialagfrecepcion@custodium.com Glosa: Envio Recibido Conforme (0);http://lvaindices1910.acepta.com/v01/0000000_1721614177_0918333233_154034122_?k=98b8e92fce86e740d82d52fa6452de54;;;;;09-11-2019;;;;
33;factura_electronica;15252;  76.379.570-5;  96.955.500-K;LARRAINVIAL ASSET MANAGEMENT ADMINISTRADORA GENERAL DE FONDOS S.A.;09-10-2019 18:33;09-10-2019;140327;0;26662;166989;[ ];09-10-2019 18:36;ACEPTADO_POR_EL_SII;2019-10-09 18:36:53.438 TrackID: 4060683220;09-10-2019 19:30;ACEPTADO_CON_RECEPCION_TECNICA;Emite: larrainvialagfrecepcion@custodium.com Glosa: Envio Recibido Conforme (0);http://lvaindices1910.acepta.com/v01/0000000_1721614177_0918332933_154034121_?k=98b8e92fce86e740d82d52fa6452de54;;;;;09-11-2019;;;;
33;factura_electronica;15251;  76.379.570-5;  96.955.500-K;LARRAINVIAL ASSET MANAGEMENT ADMINISTRADORA GENERAL DE FONDOS S.A.;09-10-2019 18:33;09-10-2019;561307;0;106648;667955;[ ];09-10-2019 18:36;ACEPTADO_POR_EL_SII;2019-10-09 18:36:53.438 TrackID: 4060683220;09-10-2019 19:35;ACEPTADO_CON_RECEPCION_TECNICA;Emite: larrainvialagfrecepcion@custodium.com Glosa: Envio Recibido Conforme (0);http://lvaindices1910.acepta.com/v01/0000000_1721614177_0918332533_154034120_?k=98b8e92fce86e740d82d52fa6452de54;;;;;09-11-2019;;;;
33;factura_electronica;15250;  76.379.570-5;  96.955.500-K;LARRAINVIAL ASSET MANAGEMENT ADMINISTRADORA GENERAL DE FONDOS S.A.;09-10-2019 18:33;09-10-2019;420980;0;79986;500966;[ ];09-10-2019 21:27;ACEPTADO_POR_EL_SII;2019-10-09 21:27:55.082732-03 TrackID: 4060677506;10-10-2019 06:37;ACEPTADO_CON_RECEPCION_TECNICA;Emite: larrainvialagfrecepcion@custodium.com Glosa: Envio Recibido Conforme (0);http://lvaindices1910.acepta.com/v01/0000000_1721614177_0918332233_154034119_?k=98b8e92fce86e740d82d52fa6452de54;;;;;09-11-2019;;;;
33;factura_electronica;15249;  76.379.570-5;  96.955.500-K;LARRAINVIAL ASSET MANAGEMENT ADMINISTRADORA GENERAL DE FONDOS S.A.;09-10-2019 18:33;09-10-2019;280654;0;53324;333978;[ ];09-10-2019 21:27;ACEPTADO_POR_EL_SII;2019-10-09 21:27:40.698492-03 TrackID: 4060677506;10-10-2019 06:39;ACEPTADO_CON_RECEPCION_TECNICA;Emite: larrainvialagfrecepcion@custodium.com Glosa: Envio Recibido Conforme (0);http://lvaindices1910.acepta.com/v01/0000000_1721614177_0918331933_154034118_?k=98b8e92fce86e740d82d52fa6452de54;;;;;09-11-2019;;;;
33;factura_electronica;15248;  76.379.570-5;  96.955.500-K;LARRAINVIAL ASSET MANAGEMENT ADMINISTRADORA GENERAL DE FONDOS S.A.;09-10-2019 18:33;09-10-2019;1122614;0;213297;1335911;[ ];09-10-2019 21:28;ACEPTADO_POR_EL_SII;2019-10-09 21:28:02.387506-03 TrackID: 4060677506;10-10-2019 06:42;ACEPTADO_CON_RECEPCION_TECNICA;Emite: larrainvialagfrecepcion@custodium.com Glosa: Envio Recibido Conforme (0);http://lvaindices1910.acepta.com/v01/0000000_1721614177_0918331533_154034117_?k=98b8e92fce86e740d82d52fa6452de54;;;;;09-11-2019;;;;
33;factura_electronica;15247;  76.379.570-5;  96.634.320-6;SCOTIA ADMINISTRADORA GENERAL DE FONDOS CHILE S.A.;09-10-2019 18:31;09-10-2019;1279458;0;243097;1522555;[ ];09-10-2019 21:27;ACEPTADO_POR_EL_SII;2019-10-09 21:27:35.148119-03 TrackID: 4060677506;10-10-2019 08:14;ACEPTADO_CON_RECEPCION_TECNICA;Emite: scotiabank@artikos.cl Glosa: Env\303\255o Recibido Conforme. (0);http://lvaindices1910.acepta.com/v01/0000000_1721614177_0918312631_154034100_?k=98b8e92fce86e740d82d52fa6452de54;;;Crédito;;09-11-2019;;;;
33;factura_electronica;15246;  76.379.570-5;  77.750.920-9;ZURICH CHILE ASSET MANAGEMENT ADMINISTRADORA GENERAL DE FONDOS S.A.;09-10-2019 18:28;09-10-2019;841961;0;159973;1001934;[ ];09-10-2019 18:31;ACEPTADO_POR_EL_SII;2019-10-09 18:31:46.82 TrackID: 4060668974;09-10-2019 18:39;ACEPTADO_CON_RECEPCION_TECNICA;Emite: dte_euagf@artikos.cl Glosa: Env\303\255o Recibido Conforme. (0);http://lvaindices1910.acepta.com/v01/0000000_1721614177_0918282528_154034052_?k=98b8e92fce86e740d82d52fa6452de54;;;;;09-11-2019;;;;
33;factura_electronica;15245;  76.379.570-5;  77.750.920-9;ZURICH CHILE ASSET MANAGEMENT ADMINISTRADORA GENERAL DE FONDOS S.A.;09-10-2019 18:28;09-10-2019;140327;0;26662;166989;;09-10-2019 18:31;ACEPTADO_POR_EL_SII;2019-10-09 18:31:46.82 TrackID: 4060668974;09-10-2019 18:40;ACEPTADO_CON_RECEPCION_TECNICA;Emite: dte_euagf@artikos.cl Glosa: Env\303\255o Recibido Conforme. (0);http://lvaindices1910.acepta.com/v01/0000000_1721614177_0918282128_154034051_?k=98b8e92fce86e740d82d52fa6452de54;;;;;09-11-2019;;;;
33;factura_electronica;15244;  76.379.570-5;  77.750.920-9;ZURICH CHILE ASSET MANAGEMENT ADMINISTRADORA GENERAL DE FONDOS S.A.;09-10-2019 18:28;09-10-2019;280654;0;53324;333978;[ ];09-10-2019 18:31;ACEPTADO_POR_EL_SII;2019-10-09 18:31:46.82 TrackID: 4060668974;09-10-2019 18:38;ACEPTADO_CON_RECEPCION_TECNICA;Emite: dte_euagf@artikos.cl Glosa: Env\303\255o Recibido Conforme. (0);http://lvaindices1910.acepta.com/v01/0000000_1721614177_0918281828_154034050_?k=98b8e92fce86e740d82d52fa6452de54;;;;;09-11-2019;;;;
33;factura_electronica;15243;  76.379.570-5;  77.750.920-9;ZURICH CHILE ASSET MANAGEMENT ADMINISTRADORA GENERAL DE FONDOS S.A.;09-10-2019 18:28;09-10-2019;1122614;0;213297;1335911;[ ];09-10-2019 18:31;ACEPTADO_POR_EL_SII;2019-10-09 18:31:46.82 TrackID: 4060668974;09-10-2019 18:38;ACEPTADO_CON_RECEPCION_TECNICA;Emite: dte_euagf@artikos.cl Glosa: Env\303\255o Recibido Conforme. (0);http://lvaindices1910.acepta.com/v01/0000000_1721614177_0918281528_154034047_?k=98b8e92fce86e740d82d52fa6452de54;;;;;09-11-2019;;;;
110;factura_exportacion;1301;  76.379.570-5;  55.555.555-5;Receptor no Electronico;09-10-2019 18:06;09-10-2019;0;6000;0;6000;;09-10-2019 18:10;ACEPTADO_POR_EL_SII;2019-10-09 18:10:44.856 TrackID: 4060593024;;NO_ELECTRONICO;;http://lvaindices1910.acepta.com/v01/0000000_1721614177_0918064406_154033784_?k=98b8e92fce86e740d82d52fa6452de54;;3;;;09-11-2019;;;;
110;factura_exportacion;1300;  76.379.570-5;  55.555.555-5;Receptor no Electronico;09-10-2019 17:56;09-10-2019;0;1500;0;1500;;09-10-2019 18:00;ACEPTADO_POR_EL_SII;2019-10-09 18:00:30.267 TrackID: 4060557482;;NO_ELECTRONICO;;http://lvaindices1910.acepta.com/v01/0000000_1721614177_0917563956_154033701_?k=98b8e92fce86e740d82d52fa6452de54;"[{""Nro.Ref"":""1"",""Tipo"":""803"",""Folio"":""1"",""Fecha"":""2016-06-15"",""Razon Ref"":""""}]";3;;;09-11-2019;;;;
33;factura_electronica;15242;  76.379.570-5;  96.804.330-7;COMPASS GROUP CHILE S A ADMINISTRADORA GENERAL DE FONDOS;09-10-2019 17:18;09-10-2019;841961;0;159973;1001934;[ ];09-10-2019 17:22;ACEPTADO_POR_EL_SII;2019-10-09 17:22:10.526 TrackID: 4060399322;09-10-2019 18:16;ACEPTADO_CON_RECEPCION_TECNICA;Emite: intercambio@dtebcn.cl Glosa: ACUSE RECIBO AUTOMATICO (0);http://lvaindices1910.acepta.com/v01/0000000_1721614177_0917182818_154033101_?k=98b8e92fce86e740d82d52fa6452de54;;;;;09-11-2019;;;;
33;factura_electronica;15241;  76.379.570-5;  96.804.330-7;COMPASS GROUP CHILE S A ADMINISTRADORA GENERAL DE FONDOS;09-10-2019 17:18;09-10-2019;561307;0;106648;667955;[ ];09-10-2019 17:22;ACEPTADO_POR_EL_SII;2019-10-09 17:22:10.526 TrackID: 4060399322;09-10-2019 18:17;ACEPTADO_CON_RECEPCION_TECNICA;Emite: intercambio@dtebcn.cl Glosa: ACUSE RECIBO AUTOMATICO (0);http://lvaindices1910.acepta.com/v01/0000000_1721614177_0917182418_154033097_?k=98b8e92fce86e740d82d52fa6452de54;;;;;09-11-2019;;;;
33;factura_electronica;15240;  76.379.570-5;  96.804.330-7;COMPASS GROUP CHILE S A ADMINISTRADORA GENERAL DE FONDOS;09-10-2019 17:18;09-10-2019;140327;0;26662;166989;[ ];09-10-2019 17:22;ACEPTADO_POR_EL_SII;2019-10-09 17:22:10.526 TrackID: 4060399322;09-10-2019 18:17;ACEPTADO_CON_RECEPCION_TECNICA;Emite: intercambio@dtebcn.cl Glosa: ACUSE RECIBO AUTOMATICO (0);http://lvaindices1910.acepta.com/v01/0000000_1721614177_0917182118_154033094_?k=98b8e92fce86e740d82d52fa6452de54;;;;;09-11-2019;;;;
33;factura_electronica;15239;  76.379.570-5;  96.804.330-7;COMPASS GROUP CHILE S A ADMINISTRADORA GENERAL DE FONDOS;09-10-2019 17:18;09-10-2019;336784;0;63989;400773;[ ];09-10-2019 17:22;ACEPTADO_POR_EL_SII;2019-10-09 17:22:10.526 TrackID: 4060399322;09-10-2019 18:18;ACEPTADO_CON_RECEPCION_TECNICA;Emite: intercambio@dtebcn.cl Glosa: ACUSE RECIBO AUTOMATICO (0);http://lvaindices1910.acepta.com/v01/0000000_1721614177_0917181818_154033091_?k=98b8e92fce86e740d82d52fa6452de54;;;;;09-11-2019;;;;
33;factura_electronica;15238;  76.379.570-5;  96.804.330-7;COMPASS GROUP CHILE S A ADMINISTRADORA GENERAL DE FONDOS;09-10-2019 17:18;09-10-2019;140327;0;26662;166989;[ ];09-10-2019 17:22;ACEPTADO_POR_EL_SII;2019-10-09 17:22:10.526 TrackID: 4060399322;09-10-2019 18:17;ACEPTADO_CON_RECEPCION_TECNICA;Emite: intercambio@dtebcn.cl Glosa: ACUSE RECIBO AUTOMATICO (0);http://lvaindices1910.acepta.com/v01/0000000_1721614177_0917181518_154033089_?k=98b8e92fce86e740d82d52fa6452de54;;;;;09-11-2019;;;;
33;factura_electronica;15237;  76.379.570-5;  96.826.700-0;COMPASS GROUP S.A ASESORES DE INVERSION;09-10-2019 17:15;09-10-2019;280654;0;53324;333978;[ ];09-10-2019 17:19;ACEPTADO_POR_EL_SII;2019-10-09 17:19:05.97 TrackID: 4060387304;09-10-2019 18:16;ACEPTADO_CON_RECEPCION_TECNICA;Emite: intercambio@dtebcn.cl Glosa: ACUSE RECIBO AUTOMATICO (0);http://lvaindices1910.acepta.com/v01/0000000_1721614177_0917151815_154033018_?k=98b8e92fce86e740d82d52fa6452de54;;;;;09-11-2019;;;;
33;factura_electronica;15236;  76.379.570-5;  96.826.700-0;COMPASS GROUP S.A ASESORES DE INVERSION;09-10-2019 17:15;09-10-2019;280654;0;53324;333978;;09-10-2019 17:19;ACEPTADO_POR_EL_SII;2019-10-09 17:19:05.97 TrackID: 4060387304;09-10-2019 18:16;ACEPTADO_CON_RECEPCION_TECNICA;Emite: intercambio@dtebcn.cl Glosa: ACUSE RECIBO AUTOMATICO (0);http://lvaindices1910.acepta.com/v01/0000000_1721614177_0917151515_154033017_?k=98b8e92fce86e740d82d52fa6452de54;;;;;09-11-2019;;;;
33;factura_electronica;15235;  76.379.570-5;  96.966.250-7;BTG PACTUAL CHILE S.A. ADMINISTRADORA GENERAL DE FONDOS;09-10-2019 16:29;09-10-2019;561307;0;106648;667955;;09-10-2019 19:30;ACEPTADO_POR_EL_SII;2019-10-09 19:30:25.919-03 TrackID: 4060194102;10-10-2019 02:17;ACEPTADO_CON_RECEPCION_TECNICA;Emite: btgpactualrecepcion@custodium.com Glosa: Envio Recibido Conforme (0);http://lvaindices1910.acepta.com/v01/0000000_1721614177_0916291829_154032165_?k=98b8e92fce86e740d82d52fa6452de54;;;;;09-11-2019;;;;
33;factura_electronica;15234;  76.379.570-5;  96.966.250-7;BTG PACTUAL CHILE S.A. ADMINISTRADORA GENERAL DE FONDOS;09-10-2019 16:29;09-10-2019;1010353;0;191967;1202320;;09-10-2019 19:29;ACEPTADO_POR_EL_SII;2019-10-09 19:29:07.267316-03 TrackID: 4060194102;10-10-2019 02:17;ACEPTADO_CON_RECEPCION_TECNICA;Emite: btgpactualrecepcion@custodium.com Glosa: Envio Recibido Conforme (0);http://lvaindices1910.acepta.com/v01/0000000_1721614177_0916291429_154032163_?k=98b8e92fce86e740d82d52fa6452de54;;;;;09-11-2019;;;;
33;factura_electronica;15233;  76.379.570-5;  96.530.900-4;BCI ASSET MANAGEMENT ADMINISTRADORA GENERAL DE FONDOS S.A.;09-10-2019 16:21;09-10-2019;561307;0;106648;667955;[ ];09-10-2019 16:24;ACEPTADO_POR_EL_SII;2019-10-09 16:24:55.715 TrackID: 4060162344;09-10-2019 16:29;ENTREGA_DE_DTE_POR_INTERCAMBIO_EXITOSA;Receptor: factbam@bci.cl Entrega: Retransmitida Estado: 2.0.0 Servidor Informante:  smtp-05.custodium.com Servidor Remoto:  aspmx.l.google.com Codigo de Respuesta:  250 2.0.0 OK  1570649312 w6si1807265ejf.8 - gsmtp.;http://lvaindices1910.acepta.com/v01/0000000_1721614177_0916213921_154031956_?k=98b8e92fce86e740d82d52fa6452de54;;;;;09-11-2019;;;;
33;factura_electronica;15232;  76.379.570-5;  96.530.900-4;BCI ASSET MANAGEMENT ADMINISTRADORA GENERAL DE FONDOS S.A.;09-10-2019 16:21;09-10-2019;140327;0;26662;166989;[ ];09-10-2019 16:24;ACEPTADO_POR_EL_SII;2019-10-09 16:24:55.715 TrackID: 4060162344;09-10-2019 16:29;ENTREGA_DE_DTE_POR_INTERCAMBIO_EXITOSA;Receptor: factbam@bci.cl Entrega: Retransmitida Estado: 2.0.0 Servidor Informante:  smtp-05.custodium.com Servidor Remoto:  aspmx.l.google.com Codigo de Respuesta:  250 2.0.0 OK  1570649312 w6si1807265ejf.8 - gsmtp.;http://lvaindices1910.acepta.com/v01/0000000_1721614177_0916213621_154031955_?k=98b8e92fce86e740d82d52fa6452de54;;;;;09-11-2019;;;;
33;factura_electronica;15231;  76.379.570-5;  96.530.900-4;BCI ASSET MANAGEMENT ADMINISTRADORA GENERAL DE FONDOS S.A.;09-10-2019 16:21;09-10-2019;84196;0;15997;100193;;09-10-2019 16:24;ACEPTADO_POR_EL_SII;2019-10-09 16:24:55.715 TrackID: 4060162344;09-10-2019 16:29;ENTREGA_DE_DTE_POR_INTERCAMBIO_EXITOSA;Receptor: factbam@bci.cl Entrega: Retransmitida Estado: 2.0.0 Servidor Informante:  smtp-05.custodium.com Servidor Remoto:  aspmx.l.google.com Codigo de Respuesta:  250 2.0.0 OK  1570649312 w6si1807265ejf.8 - gsmtp.;http://lvaindices1910.acepta.com/v01/0000000_1721614177_0916213321_154031953_?k=98b8e92fce86e740d82d52fa6452de54;;;;;09-11-2019;;;;
33;factura_electronica;15230;  76.379.570-5;  96.530.900-4;BCI ASSET MANAGEMENT ADMINISTRADORA GENERAL DE FONDOS S.A.;09-10-2019 16:21;09-10-2019;280654;0;53324;333978;[ ];09-10-2019 16:24;ACEPTADO_POR_EL_SII;2019-10-09 16:24:55.715 TrackID: 4060162344;09-10-2019 16:29;ENTREGA_DE_DTE_POR_INTERCAMBIO_EXITOSA;Receptor: factbam@bci.cl Entrega: Retransmitida Estado: 2.0.0 Servidor Informante:  smtp-05.custodium.com Servidor Remoto:  aspmx.l.google.com Codigo de Respuesta:  250 2.0.0 OK  1570649312 w6si1807265ejf.8 - gsmtp.;http://lvaindices1910.acepta.com/v01/0000000_1721614177_0916213021_154031950_?k=98b8e92fce86e740d82d52fa6452de54;;;;;09-11-2019;;;;
33;factura_electronica;15229;  76.379.570-5;  96.530.900-4;BCI ASSET MANAGEMENT ADMINISTRADORA GENERAL DE FONDOS S.A.;09-10-2019 16:21;09-10-2019;673568;0;127978;801546;[ ];09-10-2019 16:24;ACEPTADO_POR_EL_SII;2019-10-09 16:24:55.715 TrackID: 4060162344;09-10-2019 16:29;ENTREGA_DE_DTE_POR_INTERCAMBIO_EXITOSA;Receptor: factbam@bci.cl Entrega: Retransmitida Estado: 2.0.0 Servidor Informante:  smtp-05.custodium.com Servidor Remoto:  aspmx.l.google.com Codigo de Respuesta:  250 2.0.0 OK  1570649312 w6si1807265ejf.8 - gsmtp.;http://lvaindices1910.acepta.com/v01/0000000_1721614177_0916212721_154031947_?k=98b8e92fce86e740d82d52fa6452de54;;;;;09-11-2019;;;;
33;factura_electronica;15228;  76.379.570-5;  96.530.900-4;BCI ASSET MANAGEMENT ADMINISTRADORA GENERAL DE FONDOS S.A.;09-10-2019 16:21;09-10-2019;561307;0;106648;667955;[ ];09-10-2019 16:24;ACEPTADO_POR_EL_SII;2019-10-09 16:24:55.715 TrackID: 4060162344;09-10-2019 16:29;ENTREGA_DE_DTE_POR_INTERCAMBIO_EXITOSA;Receptor: factbam@bci.cl Entrega: Retransmitida Estado: 2.0.0 Servidor Informante:  smtp-05.custodium.com Servidor Remoto:  aspmx.l.google.com Codigo de Respuesta:  250 2.0.0 OK  1570649312 w6si1807265ejf.8 - gsmtp.;http://lvaindices1910.acepta.com/v01/0000000_1721614177_0916212421_154031945_?k=98b8e92fce86e740d82d52fa6452de54;;;;;09-11-2019;;;;
33;factura_electronica;15227;  76.379.570-5;  96.530.900-4;BCI ASSET MANAGEMENT ADMINISTRADORA GENERAL DE FONDOS S.A.;09-10-2019 16:21;09-10-2019;561307;0;106648;667955;[ ];09-10-2019 16:24;ACEPTADO_POR_EL_SII;2019-10-09 16:24:55.715 TrackID: 4060162344;09-10-2019 16:29;ENTREGA_DE_DTE_POR_INTERCAMBIO_EXITOSA;Receptor: factbam@bci.cl Entrega: Retransmitida Estado: 2.0.0 Servidor Informante:  smtp-05.custodium.com Servidor Remoto:  aspmx.l.google.com Codigo de Respuesta:  250 2.0.0 OK  1570649312 w6si1807265ejf.8 - gsmtp.;http://lvaindices1910.acepta.com/v01/0000000_1721614177_0916212021_154031941_?k=98b8e92fce86e740d82d52fa6452de54;;;;;09-11-2019;;;;
33;factura_electronica;15226;  76.379.570-5;  96.530.900-4;BCI ASSET MANAGEMENT ADMINISTRADORA GENERAL DE FONDOS S.A.;09-10-2019 16:21;09-10-2019;561307;0;106648;667955;[ ];09-10-2019 16:24;ACEPTADO_POR_EL_SII;2019-10-09 16:24:55.715 TrackID: 4060162344;09-10-2019 16:29;ENTREGA_DE_DTE_POR_INTERCAMBIO_EXITOSA;Receptor: factbam@bci.cl Entrega: Retransmitida Estado: 2.0.0 Servidor Informante:  smtp-05.custodium.com Servidor Remoto:  aspmx.l.google.com Codigo de Respuesta:  250 2.0.0 OK  1570649312 w6si1807265ejf.8 - gsmtp.;http://lvaindices1910.acepta.com/v01/0000000_1721614177_0916211821_154031939_?k=98b8e92fce86e740d82d52fa6452de54;;;;;09-11-2019;;;;
33;factura_electronica;15225;  76.379.570-5;  96.530.900-4;BCI ASSET MANAGEMENT ADMINISTRADORA GENERAL DE FONDOS S.A.;09-10-2019 16:21;09-10-2019;140327;0;26662;166989;;09-10-2019 16:24;ACEPTADO_POR_EL_SII;2019-10-09 16:24:55.715 TrackID: 4060162344;09-10-2019 16:29;ENTREGA_DE_DTE_POR_INTERCAMBIO_EXITOSA;Receptor: factbam@bci.cl Entrega: Retransmitida Estado: 2.0.0 Servidor Informante:  smtp-05.custodium.com Servidor Remoto:  aspmx.l.google.com Codigo de Respuesta:  250 2.0.0 OK  1570649312 w6si1807265ejf.8 - gsmtp.;http://lvaindices1910.acepta.com/v01/0000000_1721614177_0916211421_154031937_?k=98b8e92fce86e740d82d52fa6452de54;;;;;09-11-2019;;;;
33;factura_electronica;15224;  76.379.570-5;  96.514.410-2;BICE INVERSIONES ADMINISTRADORA GENERAL DE FONDOS S.A.;09-10-2019 16:09;09-10-2019;701634;0;133310;834944;[ ];09-10-2019 16:12;ACEPTADO_POR_EL_SII;2019-10-09 16:12:45.126 TrackID: 4060113512;09-10-2019 16:19;ACEPTADO_CON_RECEPCION_TECNICA;Emite: bice_admgralfondos@artikos.cl Glosa: Env\303\255o Recibido Conforme. (0);http://lvaindices1910.acepta.com/v01/0000000_1721614177_0916092009_154031671_?k=98b8e92fce86e740d82d52fa6452de54;;;;;09-11-2019;;;;
33;factura_electronica;15223;  76.379.570-5;  96.514.410-2;BICE INVERSIONES ADMINISTRADORA GENERAL DE FONDOS S.A.;09-10-2019 16:09;09-10-2019;561307;0;106648;667955;[ ];09-10-2019 16:12;ACEPTADO_POR_EL_SII;2019-10-09 16:12:45.126 TrackID: 4060113512;09-10-2019 16:19;ACEPTADO_CON_RECEPCION_TECNICA;Emite: bice_admgralfondos@artikos.cl Glosa: Env\303\255o Recibido Conforme. (0);http://lvaindices1910.acepta.com/v01/0000000_1721614177_0916091709_154031668_?k=98b8e92fce86e740d82d52fa6452de54;;;;;09-11-2019;;;;
33;factura_electronica;15222;  76.379.570-5;  96.514.410-2;BICE INVERSIONES ADMINISTRADORA GENERAL DE FONDOS S.A.;09-10-2019 16:09;09-10-2019;982287;0;186635;1168922;;09-10-2019 16:12;ACEPTADO_POR_EL_SII;2019-10-09 16:12:45.126 TrackID: 4060113512;09-10-2019 16:19;ACEPTADO_CON_RECEPCION_TECNICA;Emite: bice_admgralfondos@artikos.cl Glosa: Env\303\255o Recibido Conforme. (0);http://lvaindices1910.acepta.com/v01/0000000_1721614177_0916091409_154031667_?k=98b8e92fce86e740d82d52fa6452de54;;;;;09-11-2019;;;;
33;factura_electronica;15221;  76.379.570-5;  79.532.990-0;BICE INVERSIONES CORREDORES DE BOLSA S A;09-10-2019 15:58;09-10-2019;280654;0;53324;333978;;09-10-2019 16:02;ACEPTADO_POR_EL_SII;2019-10-09 16:02:37.715 TrackID: 4060069238;09-10-2019 18:20;ACEPTADO_CON_RECEPCION_TECNICA;Emite: 795329900pro@mail.bcs.cl Glosa: Envio Recibido Conforme (0);http://lvaindices1910.acepta.com/v01/0000000_1721614177_0915582158_154031508_?k=98b8e92fce86e740d82d52fa6452de54;;;;;09-11-2019;;;;
33;factura_electronica;15220;  76.379.570-5;  79.578.560-4;BICE CHILECONSULT SERVICIOS FINANCIEROS LIMITADA;09-10-2019 15:58;09-10-2019;561307;0;106648;667955;[ ];09-10-2019 16:02;ACEPTADO_POR_EL_SII;2019-10-09 16:02:37.715 TrackID: 4060069238;09-10-2019 16:11;ACEPTADO_CON_RECEPCION_TECNICA;Emite: bice_servfinancieros@artikos.cl Glosa: Env\303\255o Recibido Conforme. (0);http://lvaindices1910.acepta.com/v01/0000000_1721614177_0915581858_154031506_?k=98b8e92fce86e740d82d52fa6452de54;;;;;09-11-2019;;;;
33;factura_electronica;15219;  76.379.570-5;  96.656.410-5;BICE VIDA COMPANIA DE SEGUROS S A;09-10-2019 15:58;09-10-2019;449046;0;85319;534365;[ ];09-10-2019 16:02;ACEPTADO_POR_EL_SII;2019-10-09 16:02:37.715 TrackID: 4060069238;09-10-2019 16:07;ENTREGA_DE_DTE_POR_INTERCAMBIO_EXITOSA;Receptor: dte_prod_bice@smtp.suiteelectronica.com Entrega: Expandido Estado: 2.0.0 Servidor Informante:  smtp.suiteelectronica.com Servidor Remoto:  smtp.suiteelectronica.com Codigo de Respuesta:  alias expanded.;http://lvaindices1910.acepta.com/v01/0000000_1721614177_0915581558_154031503_?k=98b8e92fce86e740d82d52fa6452de54;;;;;09-11-2019;;;;
33;factura_electronica;15218;  76.379.570-5;  76.213.270-2;ASESORIAS LARRAIN VIAL LIMITADA;09-10-2019 15:48;09-10-2019;168392;0;31994;200386;[ ];09-10-2019 15:56;ACEPTADO_POR_EL_SII;2019-10-09 15:55:59.539 TrackID: 4060029300;09-10-2019 16:00;ACEPTADO_CON_RECEPCION_TECNICA;Emite: lvasesoriasrecepcion@custodium.com Glosa: Envio Recibido Conforme (0);http://lvaindices1910.acepta.com/v01/0000000_1721614177_0915482248_154031391_?k=98b8e92fce86e740d82d52fa6452de54;;;;;09-11-2019;;;;
33;factura_electronica;15217;  76.379.570-5;  76.213.270-2;ASESORIAS LARRAIN VIAL LIMITADA;09-10-2019 15:48;09-10-2019;420980;0;79986;500966;[ ];09-10-2019 15:56;ACEPTADO_POR_EL_SII;2019-10-09 15:55:59.539 TrackID: 4060029300;09-10-2019 16:00;ACEPTADO_CON_RECEPCION_TECNICA;Emite: lvasesoriasrecepcion@custodium.com Glosa: Envio Recibido Conforme (0);http://lvaindices1910.acepta.com/v01/0000000_1721614177_0915481948_154031390_?k=98b8e92fce86e740d82d52fa6452de54;;;;;09-11-2019;;;;
33;factura_electronica;15216;  76.379.570-5;  76.213.270-2;ASESORIAS LARRAIN VIAL LIMITADA;09-10-2019 15:48;09-10-2019;757764;0;143975;901739;[ ];09-10-2019 15:56;ACEPTADO_POR_EL_SII;2019-10-09 15:55:59.539 TrackID: 4060029300;09-10-2019 16:02;ACEPTADO_CON_RECEPCION_TECNICA;Emite: lvasesoriasrecepcion@custodium.com Glosa: Envio Recibido Conforme (0);http://lvaindices1910.acepta.com/v01/0000000_1721614177_0915481648_154031388_?k=98b8e92fce86e740d82d52fa6452de54;;;;;09-11-2019;;;;
33;factura_electronica;15215;  76.379.570-5;  76.852.879-9;PARAGON PRIVATE ADVISORS SPA;09-10-2019 15:38;09-10-2019;336784;0;63989;400773;[ ];09-10-2019 15:52;ACEPTADO_POR_EL_SII;2019-10-09 15:52:53.254 TrackID: 4059987596;09-10-2019 16:13;ACEPTADO_CON_RECEPCION_TECNICA;Emite: FacturacionMIPYME@sii.cl Glosa: DSR-DTE Recibido Sin Reparos (0);http://lvaindices1910.acepta.com/v01/0000000_1721614177_0915382038_154031274_?k=98b8e92fce86e740d82d52fa6452de54;;;;;09-11-2019;;;;
33;factura_electronica;15214;  76.379.570-5;  76.008.832-3;BUENA VISTA CAPITAL S.A.;09-10-2019 15:38;09-10-2019;561307;0;106648;667955;[ ];09-10-2019 15:52;ACEPTADO_POR_EL_SII;2019-10-09 15:52:53.254 TrackID: 4059987596;09-10-2019 16:13;ACEPTADO_CON_RECEPCION_TECNICA;Emite: facturacionmipyme2@sii.cl Glosa: DSR-DTE Recibido Sin Reparos (0);http://lvaindices1910.acepta.com/v01/0000000_1721614177_0915381738_154031272_?k=98b8e92fce86e740d82d52fa6452de54;;;;;09-11-2019;;;;
33;factura_electronica;15213;  76.379.570-5;  76.379.289-7;ASESORIAS TYNDALL SPA;09-10-2019 15:38;09-10-2019;280654;0;53324;333978;[ ];09-10-2019 15:52;ACEPTADO_POR_EL_SII;2019-10-09 15:52:53.254 TrackID: 4059987596;09-10-2019 16:13;ACEPTADO_CON_RECEPCION_TECNICA;Emite: FacturacionMIPYME@sii.cl Glosa: DSR-DTE Recibido Sin Reparos (0);http://lvaindices1910.acepta.com/v01/0000000_1721614177_0915381438_154031267_?k=98b8e92fce86e740d82d52fa6452de54;;;;;09-11-2019;;;;
33;factura_electronica;15212;  76.379.570-5;  76.265.736-8;ADMINISTRADORA DE FONDOS DE PENSIONES PROVIDA S.A.;09-10-2019 15:28;09-10-2019;420980;0;79986;500966;[ ];09-10-2019 15:45;ACEPTADO_POR_EL_SII;2019-10-09 15:45:45.984 TrackID: 4059950238;09-10-2019 15:58;ACEPTADO_CON_RECEPCION_TECNICA;Emite: provida@artikos.cl Glosa: Env\303\255o Recibido Conforme. (0);http://lvaindices1910.acepta.com/v01/0000000_1721614177_0915282928_154031046_?k=98b8e92fce86e740d82d52fa6452de54;;;;;09-11-2019;;;;
33;factura_electronica;15211;  76.379.570-5;  76.265.736-8;ADMINISTRADORA DE FONDOS DE PENSIONES PROVIDA S.A.;09-10-2019 15:28;09-10-2019;2104901;0;399931;2504832;[ ];09-10-2019 15:45;ACEPTADO_POR_EL_SII;2019-10-09 15:45:45.984 TrackID: 4059950238;09-10-2019 15:56;ACEPTADO_CON_RECEPCION_TECNICA;Emite: provida@artikos.cl Glosa: Env\303\255o Recibido Conforme. (0);http://lvaindices1910.acepta.com/v01/0000000_1721614177_0915282528_154031041_?k=98b8e92fce86e740d82d52fa6452de54;;;;;09-11-2019;;;;
33;factura_electronica;15210;  76.379.570-5;  76.265.736-8;ADMINISTRADORA DE FONDOS DE PENSIONES PROVIDA S.A.;09-10-2019 15:28;09-10-2019;1234875;0;234626;1469501;[ ];09-10-2019 15:45;ACEPTADO_POR_EL_SII;2019-10-09 15:45:45.984 TrackID: 4059950238;09-10-2019 15:56;ACEPTADO_CON_RECEPCION_TECNICA;Emite: provida@artikos.cl Glosa: Env\303\255o Recibido Conforme. (0);http://lvaindices1910.acepta.com/v01/0000000_1721614177_0915282128_154031038_?k=98b8e92fce86e740d82d52fa6452de54;;;;;09-11-2019;;;;
33;factura_electronica;15209;  76.379.570-5;  76.265.736-8;ADMINISTRADORA DE FONDOS DE PENSIONES PROVIDA S.A.;09-10-2019 15:28;09-10-2019;673568;0;127978;801546;[ ];09-10-2019 15:45;ACEPTADO_POR_EL_SII;2019-10-09 15:45:45.984 TrackID: 4059950238;09-10-2019 15:56;ACEPTADO_CON_RECEPCION_TECNICA;Emite: provida@artikos.cl Glosa: Env\303\255o Recibido Conforme. (0);http://lvaindices1910.acepta.com/v01/0000000_1721614177_0915281828_154031036_?k=98b8e92fce86e740d82d52fa6452de54;;;;;09-11-2019;;;;
33;factura_electronica;15208;  76.379.570-5;  76.265.736-8;ADMINISTRADORA DE FONDOS DE PENSIONES PROVIDA S.A.;09-10-2019 15:28;09-10-2019;841961;0;159973;1001934;[ ];09-10-2019 15:45;ACEPTADO_POR_EL_SII;2019-10-09 15:45:45.984 TrackID: 4059950238;09-10-2019 15:55;ACEPTADO_CON_RECEPCION_TECNICA;Emite: provida@artikos.cl Glosa: Env\303\255o Recibido Conforme. (0);http://lvaindices1910.acepta.com/v01/0000000_1721614177_0915281528_154031033_?k=98b8e92fce86e740d82d52fa6452de54;;;;;09-11-2019;;;;
33;factura_electronica;15207;  76.379.570-5;  98.001.200-K;ADMINISTRADORA DE FONDOS DE PENSIONES PLANVITAL S A;09-10-2019 14:56;09-10-2019;168392;0;31994;200386;[ ];09-10-2019 15:00;ACEPTADO_POR_EL_SII;2019-10-09 15:00:37.897 TrackID: 4059832658;09-10-2019 15:04;ENTREGA_DE_DTE_POR_INTERCAMBIO_EXITOSA;Receptor: facturasplanvital@planvital.cl Entrega: Retransmitida Estado: 2.0.0 Servidor Informante:  smtp-05.custodium.com Servidor Remoto:  mx1.hc3987-7.iphmx.com Codigo de Respuesta:  250 ok:  Message 165473 accepted.;http://lvaindices1910.acepta.com/v01/0000000_1721614177_0914563456_154030545_?k=98b8e92fce86e740d82d52fa6452de54;;;;;09-11-2019;;;;
33;factura_electronica;15206;  76.379.570-5;  98.001.200-K;ADMINISTRADORA DE FONDOS DE PENSIONES PLANVITAL S A;09-10-2019 14:56;09-10-2019;561307;0;106648;667955;;09-10-2019 15:00;ACEPTADO_POR_EL_SII;2019-10-09 15:00:37.897 TrackID: 4059832658;09-10-2019 15:04;ENTREGA_DE_DTE_POR_INTERCAMBIO_EXITOSA;Receptor: facturasplanvital@planvital.cl Entrega: Retransmitida Estado: 2.0.0 Servidor Informante:  smtp-05.custodium.com Servidor Remoto:  mx1.hc3987-7.iphmx.com Codigo de Respuesta:  250 ok:  Message 165473 accepted.;http://lvaindices1910.acepta.com/v01/0000000_1721614177_0914563156_154030544_?k=98b8e92fce86e740d82d52fa6452de54;;;;;09-11-2019;;;;
33;factura_electronica;15205;  76.379.570-5;  98.001.200-K;ADMINISTRADORA DE FONDOS DE PENSIONES PLANVITAL S A;09-10-2019 14:56;09-10-2019;1122614;0;213297;1335911;[ ];09-10-2019 15:00;ACEPTADO_POR_EL_SII;2019-10-09 15:00:37.897 TrackID: 4059832658;09-10-2019 15:04;ENTREGA_DE_DTE_POR_INTERCAMBIO_EXITOSA;Receptor: facturasplanvital@planvital.cl Entrega: Retransmitida Estado: 2.0.0 Servidor Informante:  smtp-05.custodium.com Servidor Remoto:  mx1.hc3987-7.iphmx.com Codigo de Respuesta:  250 ok:  Message 165473 accepted.;http://lvaindices1910.acepta.com/v01/0000000_1721614177_0914562856_154030543_?k=98b8e92fce86e740d82d52fa6452de54;;;;;09-11-2019;;;;
33;factura_electronica;15204;  76.379.570-5;  98.001.200-K;ADMINISTRADORA DE FONDOS DE PENSIONES PLANVITAL S A;09-10-2019 14:56;09-10-2019;1234875;0;234626;1469501;;09-10-2019 15:00;ACEPTADO_POR_EL_SII;2019-10-09 15:00:37.897 TrackID: 4059832658;09-10-2019 15:04;ENTREGA_DE_DTE_POR_INTERCAMBIO_EXITOSA;Receptor: facturasplanvital@planvital.cl Entrega: Retransmitida Estado: 2.0.0 Servidor Informante:  smtp-05.custodium.com Servidor Remoto:  mx1.hc3987-7.iphmx.com Codigo de Respuesta:  250 ok:  Message 165473 accepted.;http://lvaindices1910.acepta.com/v01/0000000_1721614177_0914562656_154030542_?k=98b8e92fce86e740d82d52fa6452de54;;;;;09-11-2019;;;;
33;factura_electronica;15203;  76.379.570-5;  98.001.200-K;ADMINISTRADORA DE FONDOS DE PENSIONES PLANVITAL S A;09-10-2019 14:56;09-10-2019;505176;0;95983;601159;[ ];09-10-2019 15:00;ACEPTADO_POR_EL_SII;2019-10-09 15:00:37.897 TrackID: 4059832658;09-10-2019 15:04;ENTREGA_DE_DTE_POR_INTERCAMBIO_EXITOSA;Receptor: facturasplanvital@planvital.cl Entrega: Retransmitida Estado: 2.0.0 Servidor Informante:  smtp-05.custodium.com Servidor Remoto:  mx1.hc3987-7.iphmx.com Codigo de Respuesta:  250 ok:  Message 165473 accepted.;http://lvaindices1910.acepta.com/v01/0000000_1721614177_0914562256_154030541_?k=98b8e92fce86e740d82d52fa6452de54;;;;;09-11-2019;;;;
33;factura_electronica;15202;  76.379.570-5;  98.001.200-K;ADMINISTRADORA DE FONDOS DE PENSIONES PLANVITAL S A;09-10-2019 14:56;09-10-2019;420980;0;79986;500966;[ ];09-10-2019 15:00;ACEPTADO_POR_EL_SII;2019-10-09 15:00:37.897 TrackID: 4059832658;09-10-2019 15:04;ENTREGA_DE_DTE_POR_INTERCAMBIO_EXITOSA;Receptor: facturasplanvital@planvital.cl Entrega: Retransmitida Estado: 2.0.0 Servidor Informante:  smtp-05.custodium.com Servidor Remoto:  mx1.hc3987-7.iphmx.com Codigo de Respuesta:  250 ok:  Message 165473 accepted.;http://lvaindices1910.acepta.com/v01/0000000_1721614177_0914562056_154030540_?k=98b8e92fce86e740d82d52fa6452de54;;;;;09-11-2019;;;;
33;factura_electronica;15201;  76.379.570-5;  98.001.200-K;ADMINISTRADORA DE FONDOS DE PENSIONES PLANVITAL S A;09-10-2019 14:56;09-10-2019;841961;0;159973;1001934;[ ];09-10-2019 15:00;ACEPTADO_POR_EL_SII;2019-10-09 15:00:37.897 TrackID: 4059832658;09-10-2019 15:04;ENTREGA_DE_DTE_POR_INTERCAMBIO_EXITOSA;Receptor: facturasplanvital@planvital.cl Entrega: Retransmitida Estado: 2.0.0 Servidor Informante:  smtp-05.custodium.com Servidor Remoto:  mx1.hc3987-7.iphmx.com Codigo de Respuesta:  250 ok:  Message 165473 accepted.;http://lvaindices1910.acepta.com/v01/0000000_1721614177_0914561756_154030539_?k=98b8e92fce86e740d82d52fa6452de54;;;;;09-11-2019;;;;
33;factura_electronica;15200;  76.379.570-5;  98.001.200-K;ADMINISTRADORA DE FONDOS DE PENSIONES PLANVITAL S A;09-10-2019 14:56;09-10-2019;140327;0;26662;166989;[ ];09-10-2019 15:00;ACEPTADO_POR_EL_SII;2019-10-09 15:00:37.897 TrackID: 4059832658;09-10-2019 15:04;ENTREGA_DE_DTE_POR_INTERCAMBIO_EXITOSA;Receptor: facturasplanvital@planvital.cl Entrega: Retransmitida Estado: 2.0.0 Servidor Informante:  smtp-05.custodium.com Servidor Remoto:  mx1.hc3987-7.iphmx.com Codigo de Respuesta:  250 ok:  Message 165473 accepted.;http://lvaindices1910.acepta.com/v01/0000000_1721614177_0914561456_154030537_?k=98b8e92fce86e740d82d52fa6452de54;;;;;09-11-2019;;;;
33;factura_electronica;15199;  76.379.570-5;  76.762.250-3;ADMINISTRADORA DE FONDOS DE PENSIONES MODELO S A;09-10-2019 14:48;09-10-2019;841961;0;159973;1001934;;09-10-2019 14:52;ACEPTADO_POR_EL_SII;2019-10-09 14:52:01.26 TrackID: 4059808374;09-10-2019 14:57;ACEPTADO_CON_RECEPCION_TECNICA;Emite: windte_dte@custodium.com Glosa: Envio Recibido Conforme (0);http://lvaindices1910.acepta.com/v01/0000000_1721614177_0914482348_154030459_?k=98b8e92fce86e740d82d52fa6452de54;;;;;09-11-2019;;;;
33;factura_electronica;15198;  76.379.570-5;  76.762.250-3;ADMINISTRADORA DE FONDOS DE PENSIONES MODELO S A;09-10-2019 14:48;09-10-2019;252588;0;47992;300580;[ ];09-10-2019 14:52;ACEPTADO_POR_EL_SII;2019-10-09 14:52:01.26 TrackID: 4059808374;09-10-2019 14:57;ACEPTADO_CON_RECEPCION_TECNICA;Emite: windte_dte@custodium.com Glosa: Envio Recibido Conforme (0);http://lvaindices1910.acepta.com/v01/0000000_1721614177_0914482148_154030458_?k=98b8e92fce86e740d82d52fa6452de54;;;;;09-11-2019;;;;
33;factura_electronica;15197;  76.379.570-5;  76.762.250-3;ADMINISTRADORA DE FONDOS DE PENSIONES MODELO S A;09-10-2019 14:48;09-10-2019;196457;0;37327;233784;[ ];09-10-2019 14:52;ACEPTADO_POR_EL_SII;2019-10-09 14:52:01.26 TrackID: 4059808374;09-10-2019 14:57;ACEPTADO_CON_RECEPCION_TECNICA;Emite: windte_dte@custodium.com Glosa: Envio Recibido Conforme (0);http://lvaindices1910.acepta.com/v01/0000000_1721614177_0914481848_154030457_?k=98b8e92fce86e740d82d52fa6452de54;;;;;09-11-2019;;;;
33;factura_electronica;15196;  76.379.570-5;  76.762.250-3;ADMINISTRADORA DE FONDOS DE PENSIONES MODELO S A;09-10-2019 14:48;09-10-2019;1234875;0;234626;1469501;[ ];09-10-2019 14:52;ACEPTADO_POR_EL_SII;2019-10-09 14:52:01.26 TrackID: 4059808374;09-10-2019 14:59;ACEPTADO_CON_RECEPCION_TECNICA;Emite: windte_dte@custodium.com Glosa: Envio Recibido Conforme (0);http://lvaindices1910.acepta.com/v01/0000000_1721614177_0914481548_154030453_?k=98b8e92fce86e740d82d52fa6452de54;;;;;09-11-2019;;;;
33;factura_electronica;15195;  76.379.570-5;  76.240.079-0;ADMINISTRADORA DE FONDOS DE PENSIONES CUPRUM S.A.;09-10-2019 14:36;09-10-2019;841961;0;159973;1001934;[ ];09-10-2019 14:42;ACEPTADO_POR_EL_SII;2019-10-09 14:41:52.535 TrackID: 4059777092;09-10-2019 14:48;ACEPTADO_CON_RECEPCION_TECNICA;Emite: pfg_cuprum@artikos.cl Glosa: Env\303\255o Recibido Conforme. (0);http://lvaindices1910.acepta.com/v01/0000000_1721614177_0914362236_154030330_?k=98b8e92fce86e740d82d52fa6452de54;;;;;09-11-2019;;;;
33;factura_electronica;15194;  76.379.570-5;  76.240.079-0;ADMINISTRADORA DE FONDOS DE PENSIONES CUPRUM S.A.;09-10-2019 14:36;09-10-2019;1122614;0;213297;1335911;[ ];09-10-2019 14:41;ACEPTADO_POR_EL_SII;2019-10-09 14:41:52.535 TrackID: 4059777092;09-10-2019 14:47;ACEPTADO_CON_RECEPCION_TECNICA;Emite: pfg_cuprum@artikos.cl Glosa: Env\303\255o Recibido Conforme. (0);http://lvaindices1910.acepta.com/v01/0000000_1721614177_0914361836_154030329_?k=98b8e92fce86e740d82d52fa6452de54;;;;;09-11-2019;;;;
33;factura_electronica;15193;  76.379.570-5;  76.240.079-0;ADMINISTRADORA DE FONDOS DE PENSIONES CUPRUM S.A.;09-10-2019 14:36;09-10-2019;1234875;0;234626;1469501;;09-10-2019 14:41;ACEPTADO_POR_EL_SII;2019-10-09 14:41:52.535 TrackID: 4059777092;09-10-2019 14:48;ACEPTADO_CON_RECEPCION_TECNICA;Emite: pfg_cuprum@artikos.cl Glosa: Env\303\255o Recibido Conforme. (0);http://lvaindices1910.acepta.com/v01/0000000_1721614177_0914361536_154030328_?k=98b8e92fce86e740d82d52fa6452de54;;;;;09-11-2019;;;;
33;factura_electronica;15192;  76.379.570-5;  98.000.100-8;ADMINISTRADORA DE FONDOS DE PENSIONES HABITAT S A;09-10-2019 14:30;09-10-2019;1234875;0;234626;1469501;;09-10-2019 14:41;ACEPTADO_POR_EL_SII;2019-10-09 14:41:52.535 TrackID: 4059777092;09-10-2019 14:47;ACEPTADO_CON_RECEPCION_TECNICA;Emite: recepciondte_afphabitat@azuriandte.com Glosa: Documento Rechazado - Error de Schema (99);http://lvaindices1910.acepta.com/v01/0000000_1721614177_0914301830_154030285_?k=98b8e92fce86e740d82d52fa6452de54;;;;;09-11-2019;;;;
33;factura_electronica;15191;  76.379.570-5;  98.000.100-8;ADMINISTRADORA DE FONDOS DE PENSIONES HABITAT S A;09-10-2019 14:30;09-10-2019;841961;0;159973;1001934;;09-10-2019 14:41;ACEPTADO_POR_EL_SII;2019-10-09 14:41:52.535 TrackID: 4059777092;09-10-2019 14:47;ACEPTADO_CON_RECEPCION_TECNICA;Emite: recepciondte_afphabitat@azuriandte.com Glosa: Documento Rechazado - Error de Schema (99);http://lvaindices1910.acepta.com/v01/0000000_1721614177_0914301430_154030284_?k=98b8e92fce86e740d82d52fa6452de54;;;;;09-11-2019;;;;
33;factura_electronica;15190;  76.379.570-5;  76.237.243-6;SOCIEDAD ADMINISTRADORA DE FONDOS DE CESANTIA DE CHILE II S.A.;09-10-2019 14:03;09-10-2019;140327;0;26662;166989;;09-10-2019 16:31;ACEPTADO_POR_EL_SII;2019-10-09 16:31:38.903787-03 TrackID: 4059680072;09-10-2019 17:12;ACEPTADO_CON_RECEPCION_TECNICA;Emite: facturacionmipyme2@sii.cl Glosa: DSR-DTE Recibido Sin Reparos (0);http://lvaindices1910.acepta.com/v01/0000000_1721614177_0914032303_154030035_?k=98b8e92fce86e740d82d52fa6452de54;;;;;09-11-2019;;;;
33;factura_electronica;15189;  76.379.570-5;  76.237.243-6;SOCIEDAD ADMINISTRADORA DE FONDOS DE CESANTIA DE CHILE II S.A.;09-10-2019 14:03;09-10-2019;1234875;0;234626;1469501;[ ];09-10-2019 16:30;ACEPTADO_POR_EL_SII;2019-10-09 16:30:47.613537-03 TrackID: 4059680072;09-10-2019 17:10;ACEPTADO_CON_RECEPCION_TECNICA;Emite: facturacionmipyme2@sii.cl Glosa: DSR-DTE Recibido Sin Reparos (0);http://lvaindices1910.acepta.com/v01/0000000_1721614177_0914032003_154030033_?k=98b8e92fce86e740d82d52fa6452de54;;;;;09-11-2019;;;;
33;factura_electronica;15188;  76.379.570-5;  76.237.243-6;SOCIEDAD ADMINISTRADORA DE FONDOS DE CESANTIA DE CHILE II S.A.;09-10-2019 14:03;09-10-2019;982287;0;186635;1168922;;09-10-2019 16:31;ACEPTADO_POR_EL_SII;2019-10-09 16:31:12.234635-03 TrackID: 4059680072;09-10-2019 17:13;ACEPTADO_CON_RECEPCION_TECNICA;Emite: facturacionmipyme2@sii.cl Glosa: DSR-DTE Recibido Sin Reparos (0);http://lvaindices1910.acepta.com/v01/0000000_1721614177_0914031703_154030032_?k=98b8e92fce86e740d82d52fa6452de54;;;;;09-11-2019;;;;
33;factura_electronica;15187;  76.379.570-5;  76.237.243-6;SOCIEDAD ADMINISTRADORA DE FONDOS DE CESANTIA DE CHILE II S.A.;09-10-2019 14:03;09-10-2019;841961;0;159973;1001934;[ ];09-10-2019 16:30;ACEPTADO_POR_EL_SII;2019-10-09 16:30:44.574762-03 TrackID: 4059680072;09-10-2019 17:14;ACEPTADO_CON_RECEPCION_TECNICA;Emite: facturacionmipyme2@sii.cl Glosa: DSR-DTE Recibido Sin Reparos (0);http://lvaindices1910.acepta.com/v01/0000000_1721614177_0914031503_154030031_?k=98b8e92fce86e740d82d52fa6452de54;;;;;09-11-2019;;;;
33;factura_electronica;15186;  76.379.570-5;  96.812.960-0;PENTA VIDA COMPANIA DE SEGUROS VIDA S A;09-10-2019 11:57;09-10-2019;280654;0;53324;333978;;09-10-2019 12:01;ACEPTADO_POR_EL_SII;2019-10-09 12:01:29.028 TrackID: 4059211660;09-10-2019 12:06;ACEPTADO_CON_RECEPCION_TECNICA;Emite: documentostributarios@pentavida.cl Glosa: DTE Recibido OK (0);http://lvaindices1910.acepta.com/v01/0000000_1721614177_0911570957_154027228_?k=98b8e92fce86e740d82d52fa6452de54;;;Crédito;;09-11-2019;;;;
33;factura_electronica;15185;  76.379.570-5;  96.812.960-0;PENTA VIDA COMPANIA DE SEGUROS VIDA S A;09-10-2019 11:53;09-10-2019;350817;0;66655;417472;[ ];09-10-2019 14:33;ACEPTADO_POR_EL_SII;2019-10-09 14:33:26.234539-03 TrackID: 4059194624;09-10-2019 14:44;ACEPTADO_CON_RECEPCION_TECNICA;Emite: documentostributarios@pentavida.cl Glosa: DTE Recibido OK (0);http://lvaindices1910.acepta.com/v01/0000000_1721614177_0911534453_154027103_?k=98b8e92fce86e740d82d52fa6452de54;;;Crédito;;09-11-2019;;;;
33;factura_electronica;15184;  76.379.570-5;  96.767.630-6;BANCHILE ADMINISTRADORA GENERAL DE FONDOS S A;09-10-2019 11:49;09-10-2019;561307;0;106648;667955;[ ];09-10-2019 11:51;ACEPTADO_POR_EL_SII;2019-10-09 11:51:05.957 TrackID: 4059165630;09-10-2019 11:55;ACEPTADO_CON_RECEPCION_TECNICA;Emite: agf_dte@paperless.cl Glosa: DTE Recibido OK (0);http://lvaindices1910.acepta.com/v01/0000000_1721614177_0911491149_154026880_?k=98b8e92fce86e740d82d52fa6452de54;;;Crédito;;09-11-2019;;;;
33;factura_electronica;15183;  76.379.570-5;  96.767.630-6;BANCHILE ADMINISTRADORA GENERAL DE FONDOS S A;09-10-2019 11:47;09-10-2019;982287;0;186635;1168922;[ ];09-10-2019 11:51;ACEPTADO_POR_EL_SII;2019-10-09 11:51:05.957 TrackID: 4059165630;09-10-2019 11:55;ACEPTADO_CON_RECEPCION_TECNICA;Emite: agf_dte@paperless.cl Glosa: DTE Recibido OK (0);http://lvaindices1910.acepta.com/v01/0000000_1721614177_0911472547_154026841_?k=98b8e92fce86e740d82d52fa6452de54;;;Crédito;;09-11-2019;;;;
33;factura_electronica;15182;  76.379.570-5;  97.029.000-1;BANCO CENTRAL DE CHILE;09-10-2019 11:41;09-10-2019;336784;0;63989;400773;;09-10-2019 11:43;ACEPTADO_POR_EL_SII;2019-10-09 11:43:57.087 TrackID: 4059138972;09-10-2019 11:53;ACEPTADO_CON_RECEPCION_TECNICA;Emite: dte_prod_bcentral@smtp.suiteelectronica.com Glosa: DTE Recibido OK (0);http://lvaindices1910.acepta.com/v01/0000000_1721614177_0911412341_154026729_?k=98b8e92fce86e740d82d52fa6452de54;;;Crédito;;09-11-2019;;;;
33;factura_electronica;15181;  76.379.570-5;  97.029.000-1;BANCO CENTRAL DE CHILE;09-10-2019 11:38;09-10-2019;1683921;0;319945;2003866;;09-10-2019 11:42;ACEPTADO_POR_EL_SII;2019-10-09 11:42:55.996 TrackID: 4059128060;09-10-2019 11:53;ACEPTADO_CON_RECEPCION_TECNICA;Emite: dte_prod_bcentral@smtp.suiteelectronica.com Glosa: DTE No Recibido -  DTE Repetido (4);http://lvaindices1910.acepta.com/v01/0000000_1721614177_0911383238_154026688_?k=98b8e92fce86e740d82d52fa6452de54;;;Crédito;;09-11-2019;;;;
110;factura_exportacion;1299;  76.379.570-5;  55.555.555-5;Receptor no Electronico;09-10-2019 11:14;09-10-2019;0;390;0;390;;09-10-2019 13:36;ACEPTADO_POR_EL_SII;2019-10-09 13:36:12.883753-03 TrackID: 4059017244;;NO_ELECTRONICO;;http://lvaindices1910.acepta.com/v01/0000000_1721614177_0911143214_154026337_?k=98b8e92fce86e740d82d52fa6452de54;;3;;;09-11-2019;;;;
110;factura_exportacion;1298;  76.379.570-5;  55.555.555-5;Receptor no Electronico;09-10-2019 11:06;09-10-2019;0;3085;0;3085;;09-10-2019 11:09;ACEPTADO_POR_EL_SII;2019-10-09 11:08:57.9 TrackID: 4058977764;;NO_ELECTRONICO;;http://lvaindices1910.acepta.com/v01/0000000_1721614177_0911060806_154025970_?k=98b8e92fce86e740d82d52fa6452de54;"[{""Nro.Ref"":""1"",""Tipo"":""803"",""Folio"":""1"",""Fecha"":""2017-11-08"",""Razon Ref"":""""}]";3;;;09-11-2019;;;;
110;factura_exportacion;1297;  76.379.570-5;  55.555.555-5;Receptor no Electronico;09-10-2019 10:56;09-10-2019;0;380;0;380;;09-10-2019 11:00;ACEPTADO_POR_EL_SII;2019-10-09 11:00:35.186 TrackID: 4058937980;;NO_ELECTRONICO;;http://lvaindices1910.acepta.com/v01/0000000_1721614177_0910564856_154025796_?k=98b8e92fce86e740d82d52fa6452de54;"[{""Nro.Ref"":""1"",""Tipo"":""803"",""Folio"":""1"",""Fecha"":""2019-01-01"",""Razon Ref"":""""}]";3;;;09-11-2019;;;;
110;factura_exportacion;1296;  76.379.570-5;  55.555.555-5;Receptor no Electronico;09-10-2019 10:48;09-10-2019;0;500;0;500;;09-10-2019 10:52;ACEPTADO_POR_EL_SII;2019-10-09 10:52:02.493 TrackID: 4058897774;;NO_ELECTRONICO;;http://lvaindices1910.acepta.com/v01/0000000_1721614177_0910481948_154025630_?k=98b8e92fce86e740d82d52fa6452de54;"[{""Nro.Ref"":""1"",""Tipo"":""803"",""Folio"":""1"",""Fecha"":""2016-04-14"",""Razon Ref"":""""}]";3;;;09-11-2019;;;;
110;factura_exportacion;1295;  76.379.570-5;  55.555.555-5;Receptor no Electronico;09-10-2019 10:40;09-10-2019;0;500;0;500;;09-10-2019 10:43;ACEPTADO_POR_EL_SII;2019-10-09 10:43:54.256 TrackID: 4058866180;;NO_ELECTRONICO;;http://lvaindices1910.acepta.com/v01/0000000_1721614177_0910405240_154025157_?k=98b8e92fce86e740d82d52fa6452de54;"[{""Nro.Ref"":""1"",""Tipo"":""803"",""Folio"":""1"",""Fecha"":""2014-06-20"",""Razon Ref"":""""}]";3;;;09-11-2019;;;;
33;factura_electronica;15180;  76.379.570-5;  70.360.100-6;ASOC CHILENA DE SEGURIDAD;02-10-2019 12:02;30-09-2019;196340;0;37305;233645;;02-10-2019 12:05;ACEPTADO_POR_EL_SII;2019-10-02 12:05:40.68 TrackID: 4042097790;02-10-2019 12:12;ACEPTADO_CON_RECEPCION_TECNICA;Emite: recepcion@custodium.com Glosa: Envio Recibido Conforme (0);http://lvaindices1910.acepta.com/v01/0000000_1721614177_0212023202_153961406_?k=98b8e92fce86e740d82d52fa6452de54;;;Crédito;;30-10-2019;OTORGA_RECIBO_DE_MERCADERIA_O_SERVICIO;08-10-2019 13:16;;